
> janus-observatory@0.1.0 test:e2e /Users/ceron/Developer/Projects/janus-observatory
> playwright test

[WebServer] (node:38656) Warning: The 'NO_COLOR' env is ignored due to the 'FORCE_COLOR' env being set.
[WebServer] (Use `node --trace-warnings ...` to show where the warning was created)
[WebServer] (node:38677) Warning: The 'NO_COLOR' env is ignored due to the 'FORCE_COLOR' env being set.
[WebServer] (Use `node --trace-warnings ...` to show where the warning was created)
[WebServer] (node:38677) Warning: The 'NO_COLOR' env is ignored due to the 'FORCE_COLOR' env being set.
[WebServer] (Use `node --trace-warnings ...` to show where the warning was created)
[WebServer] (node:39292) Warning: The 'NO_COLOR' env is ignored due to the 'FORCE_COLOR' env being set.
[WebServer] (Use `node --trace-warnings ...` to show where the warning was created)
[WebServer] (node:39297) Warning: The 'NO_COLOR' env is ignored due to the 'FORCE_COLOR' env being set.
[WebServer] (Use `node --trace-warnings ...` to show where the warning was created)
[WebServer] (node:39290) Warning: The 'NO_COLOR' env is ignored due to the 'FORCE_COLOR' env being set.
[WebServer] (Use `node --trace-warnings ...` to show where the warning was created)
[WebServer] (node:39296) Warning: The 'NO_COLOR' env is ignored due to the 'FORCE_COLOR' env being set.
[WebServer] (Use `node --trace-warnings ...` to show where the warning was created)
[WebServer] (node:39295) Warning: The 'NO_COLOR' env is ignored due to the 'FORCE_COLOR' env being set.
[WebServer] (Use `node --trace-warnings ...` to show where the warning was created)
[WebServer] (node:39287) Warning: The 'NO_COLOR' env is ignored due to the 'FORCE_COLOR' env being set.
[WebServer] (Use `node --trace-warnings ...` to show where the warning was created)
[WebServer] (node:39286) Warning: The 'NO_COLOR' env is ignored due to the 'FORCE_COLOR' env being set.
[WebServer] (Use `node --trace-warnings ...` to show where the warning was created)
[WebServer] (node:39289) Warning: The 'NO_COLOR' env is ignored due to the 'FORCE_COLOR' env being set.
[WebServer] (Use `node --trace-warnings ...` to show where the warning was created)
[WebServer] (node:39294) Warning: The 'NO_COLOR' env is ignored due to the 'FORCE_COLOR' env being set.
[WebServer] (Use `node --trace-warnings ...` to show where the warning was created)
[WebServer] (node:39284) Warning: The 'NO_COLOR' env is ignored due to the 'FORCE_COLOR' env being set.
[WebServer] (Use `node --trace-warnings ...` to show where the warning was created)
[WebServer] (node:39288) Warning: The 'NO_COLOR' env is ignored due to the 'FORCE_COLOR' env being set.
[WebServer] (Use `node --trace-warnings ...` to show where the warning was created)
[WebServer] (node:39285) Warning: The 'NO_COLOR' env is ignored due to the 'FORCE_COLOR' env being set.
[WebServer] (Use `node --trace-warnings ...` to show where the warning was created)
[WebServer] (node:39291) Warning: The 'NO_COLOR' env is ignored due to the 'FORCE_COLOR' env being set.
[WebServer] (Use `node --trace-warnings ...` to show where the warning was created)
[WebServer] (node:39304) Warning: The 'NO_COLOR' env is ignored due to the 'FORCE_COLOR' env being set.
[WebServer] (Use `node --trace-warnings ...` to show where the warning was created)
[WebServer] (node:39325) Warning: The 'NO_COLOR' env is ignored due to the 'FORCE_COLOR' env being set.
[WebServer] (Use `node --trace-warnings ...` to show where the warning was created)

Running 170 tests using 2 workers

(node:39423) Warning: The 'NO_COLOR' env is ignored due to the 'FORCE_COLOR' env being set.
(Use `node --trace-warnings ...` to show where the warning was created)
(node:39422) Warning: The 'NO_COLOR' env is ignored due to the 'FORCE_COLOR' env being set.
(Use `node --trace-warnings ...` to show where the warning was created)
  ✓    1 [chromium] › apps/web/e2e/accessibility.spec.ts:42:7 › /observatory?scenario=S9&instrument=deep_space_probes has no automatically detectable WCAG A/AA violations (1.0s)
  ✓    2 [chromium] › apps/web/e2e/accessibility.spec.ts:42:7 › /atlas?compare=S1,S4,S9 has no automatically detectable WCAG A/AA violations (1.2s)
  ✓    4 [chromium] › apps/web/e2e/accessibility.spec.ts:42:7 › /methods has no automatically detectable WCAG A/AA violations (577ms)
  ✓    3 [chromium] › apps/web/e2e/accessibility.spec.ts:42:7 › /atlas/s9 has no automatically detectable WCAG A/AA violations (849ms)
  ✓    6 [chromium] › apps/web/e2e/accessibility.spec.ts:42:7 › /accessibility has no automatically detectable WCAG A/AA violations (480ms)
  ✓    7 [chromium] › apps/web/e2e/accessibility.spec.ts:42:7 › /research has no automatically detectable WCAG A/AA violations (523ms)
  ✓    5 [chromium] › apps/web/e2e/accessibility.spec.ts:42:7 › /sources has no automatically detectable WCAG A/AA violations (1.2s)
  ✓    8 [chromium] › apps/web/e2e/accessibility.spec.ts:42:7 › /research/resilience has no automatically detectable WCAG A/AA violations (525ms)
  ✓    9 [chromium] › apps/web/e2e/accessibility.spec.ts:42:7 › /research/concordia has no automatically detectable WCAG A/AA violations (527ms)
  ✓   10 [chromium] › apps/web/e2e/accessibility.spec.ts:42:7 › /privacy has no automatically detectable WCAG A/AA violations (471ms)
  ✓   11 [chromium] › apps/web/e2e/accessibility.spec.ts:42:7 › /this-route-does-not-exist has no automatically detectable WCAG A/AA violations (467ms)
  ✘   13 [chromium] › apps/web/e2e/accessibility.spec.ts:62:5 › / reading mode is entered and axe-scanned as the complete article (1.3s)
(node:40147) Warning: The 'NO_COLOR' env is ignored due to the 'FORCE_COLOR' env being set.
(Use `node --trace-warnings ...` to show where the warning was created)
  ✘   12 [chromium] › apps/web/e2e/accessibility.spec.ts:52:5 › / guided mode has no automatically detectable WCAG A/AA violations (1.8s)
(node:40208) Warning: The 'NO_COLOR' env is ignored due to the 'FORCE_COLOR' env being set.
(Use `node --trace-warnings ...` to show where the warning was created)
  ✓   14 [chromium] › apps/web/e2e/cinematic.spec.ts:13:5 › one canvas survives every world, reverse jumps, and the observer (4.9s)
  ✓   15 [chromium] › apps/web/e2e/cinematic.spec.ts:52:5 › the telescope can be entered, exited, and reversed during travel (9.7s)
  ✓   16 [chromium] › apps/web/e2e/cinematic.spec.ts:79:5 › observer continues moving while scroll stays still and reduced motion freezes it (9.5s)
  ✓   18 [chromium] › apps/web/e2e/explorers.spec.ts:4:7 › Observatory URL state › restores and updates a shareable scenario/instrument selection (2.7s)
  ✓   19 [chromium] › apps/web/e2e/explorers.spec.ts:77:7 › Atlas analytical controls › deduplicates malformed comparison URLs before enforcing the limit (314ms)
  ✓   20 [chromium] › apps/web/e2e/explorers.spec.ts:87:7 › Atlas analytical controls › restores comparison state and enforces the three-scenario limit (551ms)
  ✓   17 [chromium] › apps/web/e2e/cinematic.spec.ts:107:5 › desktop and mobile compositions have no page overflow and retain readable profiles (8.2s)
  ✓   21 [chromium] › apps/web/e2e/explorers.spec.ts:114:7 › Atlas analytical controls › switches among sourced analytical dimensions without ranking scenarios (694ms)
  ✓   22 [chromium] › apps/web/e2e/explorers.spec.ts:153:7 › Atlas analytical controls › keeps chronology, downloads, museum rights, and record detail evidence distinct (467ms)
  ✓   23 [chromium] › apps/web/e2e/explorers.spec.ts:191:7 › Methods validation disclosure › bounds the independent report and serves the manifest-verified artifact (269ms)
  ✓   25 [chromium] › apps/web/e2e/security.spec.ts:25:5 › does not send HSTS from the default local HTTP deployment (8ms)
  ✓   24 [chromium] › apps/web/e2e/security.spec.ts:3:5 › serves an enforced CSP for the static app and admitted spatial resources (367ms)
  ✓   26 [chromium] › apps/web/e2e/story.spec.ts:14:5 › the story is complete before WebGL and links every scenario to its data (510ms)
  ✓   27 [chromium] › apps/web/e2e/story.spec.ts:41:5 › keyboard jumps and fast reversals reconcile to the final chapter (862ms)
  ✓   28 [chromium] › apps/web/e2e/story.spec.ts:56:5 › reading mode preserves all ten profiles, matrix and native data table (1.1s)
  ✓   29 [chromium] › apps/web/e2e/story.spec.ts:76:5 › matrix preserves blanks and reports the selected canonical signatures (679ms)
  ✓   30 [chromium] › apps/web/e2e/story.spec.ts:90:5 › log chart selection exposes exact canonical values (729ms)
  ✓   31 [chromium] › apps/web/e2e/story.spec.ts:107:5 › index closes with Escape and restores focus (716ms)
  ✓   33 [chromium] › apps/web/e2e/story.spec.ts:133:5 › WebGL failure preserves story and offers a retry (548ms)
  ✓   32 [chromium] › apps/web/e2e/story.spec.ts:119:5 › reduced motion remains selected after reload and restores a session chapter (823ms)
  ✓   34 [chromium] › apps/web/e2e/story.spec.ts:170:5 › core narrative and source tables survive JavaScript being unavailable (174ms)
(node:41176) Warning: The 'NO_COLOR' env is ignored due to the 'FORCE_COLOR' env being set.
(Use `node --trace-warnings ...` to show where the warning was created)
(node:41178) Warning: The 'NO_COLOR' env is ignored due to the 'FORCE_COLOR' env being set.
(Use `node --trace-warnings ...` to show where the warning was created)
  ✓   36 [firefox] › apps/web/e2e/accessibility.spec.ts:42:7 › /atlas?compare=S1,S4,S9 has no automatically detectable WCAG A/AA violations (1.9s)
  ✓   35 [firefox] › apps/web/e2e/accessibility.spec.ts:42:7 › /observatory?scenario=S9&instrument=deep_space_probes has no automatically detectable WCAG A/AA violations (2.1s)
  ✓   37 [firefox] › apps/web/e2e/accessibility.spec.ts:42:7 › /atlas/s9 has no automatically detectable WCAG A/AA violations (1.1s)
  ✓   38 [firefox] › apps/web/e2e/accessibility.spec.ts:42:7 › /methods has no automatically detectable WCAG A/AA violations (742ms)
  ✓   40 [firefox] › apps/web/e2e/accessibility.spec.ts:42:7 › /accessibility has no automatically detectable WCAG A/AA violations (624ms)
  ✓   41 [firefox] › apps/web/e2e/accessibility.spec.ts:42:7 › /research has no automatically detectable WCAG A/AA violations (651ms)
  ✓   39 [firefox] › apps/web/e2e/accessibility.spec.ts:42:7 › /sources has no automatically detectable WCAG A/AA violations (1.6s)
  ✓   42 [firefox] › apps/web/e2e/accessibility.spec.ts:42:7 › /research/resilience has no automatically detectable WCAG A/AA violations (816ms)
  ✓   43 [firefox] › apps/web/e2e/accessibility.spec.ts:42:7 › /research/concordia has no automatically detectable WCAG A/AA violations (685ms)
  ✓   44 [firefox] › apps/web/e2e/accessibility.spec.ts:42:7 › /privacy has no automatically detectable WCAG A/AA violations (624ms)
  ✓   45 [firefox] › apps/web/e2e/accessibility.spec.ts:42:7 › /this-route-does-not-exist has no automatically detectable WCAG A/AA violations (562ms)
  ✘   47 [firefox] › apps/web/e2e/accessibility.spec.ts:62:5 › / reading mode is entered and axe-scanned as the complete article (1.6s)
  ✘   46 [firefox] › apps/web/e2e/accessibility.spec.ts:52:5 › / guided mode has no automatically detectable WCAG A/AA violations (1.9s)
(node:41472) Warning: The 'NO_COLOR' env is ignored due to the 'FORCE_COLOR' env being set.
(Use `node --trace-warnings ...` to show where the warning was created)
(node:41474) Warning: The 'NO_COLOR' env is ignored due to the 'FORCE_COLOR' env being set.
(Use `node --trace-warnings ...` to show where the warning was created)
  ✓   48 [firefox] › apps/web/e2e/cinematic.spec.ts:13:5 › one canvas survives every world, reverse jumps, and the observer (3.1s)
  -   50 [firefox] › apps/web/e2e/cinematic.spec.ts:79:5 › observer continues moving while scroll stays still and reduced motion freezes it
  ✓   49 [firefox] › apps/web/e2e/cinematic.spec.ts:52:5 › the telescope can be entered, exited, and reversed during travel (4.5s)
  ✓   52 [firefox] › apps/web/e2e/explorers.spec.ts:4:7 › Observatory URL state › restores and updates a shareable scenario/instrument selection (900ms)
  ✓   53 [firefox] › apps/web/e2e/explorers.spec.ts:77:7 › Atlas analytical controls › deduplicates malformed comparison URLs before enforcing the limit (345ms)
  ✓   51 [firefox] › apps/web/e2e/cinematic.spec.ts:107:5 › desktop and mobile compositions have no page overflow and retain readable profiles (3.4s)
  ✓   54 [firefox] › apps/web/e2e/explorers.spec.ts:87:7 › Atlas analytical controls › restores comparison state and enforces the three-scenario limit (700ms)
  ✘   55 [firefox] › apps/web/e2e/explorers.spec.ts:114:7 › Atlas analytical controls › switches among sourced analytical dimensions without ranking scenarios (467ms)
  ✘   56 [firefox] › apps/web/e2e/explorers.spec.ts:153:7 › Atlas analytical controls › keeps chronology, downloads, museum rights, and record detail evidence distinct (482ms)


  1) [chromium] › apps/web/e2e/accessibility.spec.ts:52:5 › / guided mode has no automatically detectable WCAG A/AA violations 

    Error: expect(received).toEqual(expected) // deep equality

    - Expected  -   1
    + Received  + 940

    - Array []
    + Array [
    +   Object {
    +     "description": "Ensure touch targets have sufficient size and space",
    +     "help": "All touch targets must be 24px large, or leave sufficient space",
    +     "helpUrl": "https://dequeuniversity.com/rules/axe/4.13/target-size?application=playwright",
    +     "id": "target-size",
    +     "impact": "serious",
    +     "nodes": Array [
    +       Object {
    +         "all": Array [],
    +         "any": Array [
    +           Object {
    +             "data": Object {
    +               "height": 15,
    +               "minSize": 24,
    +               "width": 66,
    +             },
    +             "id": "target-size",
    +             "impact": "serious",
    +             "message": "Target has insufficient size (66px by 15px, should be at least 24px by 24px)",
    +             "relatedNodes": Array [],
    +           },
    +           Object {
    +             "data": Object {
    +               "closestOffset": 15.6,
    +               "minOffset": 24,
    +             },
    +             "id": "target-offset",
    +             "impact": "serious",
    +             "message": "Target has insufficient space to its closest neighbors. Safe clickable space has a diameter of 15.6px instead of at least 24px.",
    +             "relatedNodes": Array [
    +               Object {
    +                 "html": "<a href=\"https://arxiv.org/pdf/2409.00067v3#page=17\">Asteroid mining</a>",
    +                 "target": Array [
    +                   "#s1 > .voyage-module__J5otmG__copy > .voyage-module__J5otmG__systemFootprint > small > a:nth-child(1)",
    +                 ],
    +               },
    +             ],
    +           },
    +         ],
    +         "failureSummary": "Fix any of the following:
    +   Target has insufficient size (66px by 15px, should be at least 24px by 24px)
    +   Target has insufficient space to its closest neighbors. Safe clickable space has a diameter of 15.6px instead of at least 24px.",
    +         "html": "<a href=\"https://arxiv.org/pdf/2409.00067v3#page=14\">Luna (Moon)</a>",
    +         "impact": "serious",
    +         "none": Array [],
    +         "target": Array [
    +           "#s1 > .voyage-module__J5otmG__copy > .voyage-module__J5otmG__systemFootprint > p > a:nth-child(1)",
    +         ],
    +       },
    +       Object {
    +         "all": Array [],
    +         "any": Array [
    +           Object {
    +             "data": Object {
    +               "height": 15,
    +               "minSize": 24,
    +               "width": 30,
    +             },
    +             "id": "target-size",
    +             "impact": "serious",
    +             "message": "Target has insufficient size (30px by 15px, should be at least 24px by 24px)",
    +             "relatedNodes": Array [],
    +           },
    +           Object {
    +             "data": Object {
    +               "closestOffset": 16.6,
    +               "minOffset": 24,
    +             },
    +             "id": "target-offset",
    +             "impact": "serious",
    +             "message": "Target has insufficient space to its closest neighbors. Safe clickable space has a diameter of 16.6px instead of at least 24px.",
    +             "relatedNodes": Array [
    +               Object {
    +                 "html": "<a href=\"https://arxiv.org/pdf/2409.00067v3#page=17\">Outer planet settlements</a>",
    +                 "target": Array [
    +                   "#s1 > .voyage-module__J5otmG__copy > .voyage-module__J5otmG__systemFootprint > small > a:nth-child(2)",
    +                 ],
    +               },
    +             ],
    +           },
    +         ],
    +         "failureSummary": "Fix any of the following:
    +   Target has insufficient size (30px by 15px, should be at least 24px by 24px)
    +   Target has insufficient space to its closest neighbors. Safe clickable space has a diameter of 16.6px instead of at least 24px.",
    +         "html": "<a href=\"https://arxiv.org/pdf/2409.00067v3#page=14\">Venus</a>",
    +         "impact": "serious",
    +         "none": Array [],
    +         "target": Array [
    +           "#s1 > .voyage-module__J5otmG__copy > .voyage-module__J5otmG__systemFootprint > p > a:nth-child(3)",
    +         ],
    +       },
    +       Object {
    +         "all": Array [],
    +         "any": Array [
    +           Object {
    +             "data": Object {
    +               "height": 10.5,
    +               "minSize": 24,
    +               "width": 63,
    +             },
    +             "id": "target-size",
    +             "impact": "serious",
    +             "message": "Target has insufficient size (63px by 10.5px, should be at least 24px by 24px)",
    +             "relatedNodes": Array [],
    +           },
    +           Object {
    +             "data": Object {
    +               "closestOffset": 15.6,
    +               "minOffset": 24,
    +             },
    +             "id": "target-offset",
    +             "impact": "serious",
    +             "message": "Target has insufficient space to its closest neighbors. Safe clickable space has a diameter of 15.6px instead of at least 24px.",
    +             "relatedNodes": Array [
    +               Object {
    +                 "html": "<a href=\"https://arxiv.org/pdf/2409.00067v3#page=14\">Luna (Moon)</a>",
    +                 "target": Array [
    +                   "#s1 > .voyage-module__J5otmG__copy > .voyage-module__J5otmG__systemFootprint > p > a:nth-child(1)",
    +                 ],
    +               },
    +             ],
    +           },
    +         ],
    +         "failureSummary": "Fix any of the following:
    +   Target has insufficient size (63px by 10.5px, should be at least 24px by 24px)
    +   Target has insufficient space to its closest neighbors. Safe clickable space has a diameter of 15.6px instead of at least 24px.",
    +         "html": "<a href=\"https://arxiv.org/pdf/2409.00067v3#page=17\">Asteroid mining</a>",
    +         "impact": "serious",
    +         "none": Array [],
    +         "target": Array [
    +           "#s1 > .voyage-module__J5otmG__copy > .voyage-module__J5otmG__systemFootprint > small > a:nth-child(1)",
    +         ],
    +       },
    +       Object {
    +         "all": Array [],
    +         "any": Array [
    +           Object {
    +             "data": Object {
    +               "height": 10.5,
    +               "minSize": 24,
    +               "width": 100.8,
    +             },
    +             "id": "target-size",
    +             "impact": "serious",
    +             "message": "Target has insufficient size (100.8px by 10.5px, should be at least 24px by 24px)",
    +             "relatedNodes": Array [],
    +           },
    +           Object {
    +             "data": Object {
    +               "closestOffset": 16.6,
    +               "minOffset": 24,
    +             },
    +             "id": "target-offset",
    +             "impact": "serious",
    +             "message": "Target has insufficient space to its closest neighbors. Safe clickable space has a diameter of 16.6px instead of at least 24px.",
    +             "relatedNodes": Array [
    +               Object {
    +                 "html": "<a href=\"https://arxiv.org/pdf/2409.00067v3#page=14\">Venus</a>",
    +                 "target": Array [
    +                   "#s1 > .voyage-module__J5otmG__copy > .voyage-module__J5otmG__systemFootprint > p > a:nth-child(3)",
    +                 ],
    +               },
    +             ],
    +           },
    +         ],
    +         "failureSummary": "Fix any of the following:
    +   Target has insufficient size (100.8px by 10.5px, should be at least 24px by 24px)
    +   Target has insufficient space to its closest neighbors. Safe clickable space has a diameter of 16.6px instead of at least 24px.",
    +         "html": "<a href=\"https://arxiv.org/pdf/2409.00067v3#page=17\">Outer planet settlements</a>",
    +         "impact": "serious",
    +         "none": Array [],
    +         "target": Array [
    +           "#s1 > .voyage-module__J5otmG__copy > .voyage-module__J5otmG__systemFootprint > small > a:nth-child(2)",
    +         ],
    +       },
    +       Object {
    +         "all": Array [],
    +         "any": Array [
    +           Object {
    +             "data": Object {
    +               "height": 15,
    +               "minSize": 24,
    +               "width": 66,
    +             },
    +             "id": "target-size",
    +             "impact": "serious",
    +             "message": "Target has insufficient size (66px by 15px, should be at least 24px by 24px)",
    +             "relatedNodes": Array [],
    +           },
    +           Object {
    +             "data": Object {
    +               "closestOffset": 15.6,
    +               "minOffset": 24,
    +             },
    +             "id": "target-offset",
    +             "impact": "serious",
    +             "message": "Target has insufficient space to its closest neighbors. Safe clickable space has a diameter of 15.6px instead of at least 24px.",
    +             "relatedNodes": Array [
    +               Object {
    +                 "html": "<a href=\"https://arxiv.org/pdf/2409.00067v3#page=17\">Asteroid mining</a>",
    +                 "target": Array [
    +                   "#s2 > .voyage-module__J5otmG__copy > .voyage-module__J5otmG__systemFootprint > small > a",
    +                 ],
    +               },
    +             ],
    +           },
    +         ],
    +         "failureSummary": "Fix any of the following:
    +   Target has insufficient size (66px by 15px, should be at least 24px by 24px)
    +   Target has insufficient space to its closest neighbors. Safe clickable space has a diameter of 15.6px instead of at least 24px.",
    +         "html": "<a href=\"https://arxiv.org/pdf/2409.00067v3#page=14\">Luna (Moon)</a>",
    +         "impact": "serious",
    +         "none": Array [],
    +         "target": Array [
    +           "#s2 > .voyage-module__J5otmG__copy > .voyage-module__J5otmG__systemFootprint > p > a:nth-child(1)",
    +         ],
    +       },
    +       Object {
    +         "all": Array [],
    +         "any": Array [
    +           Object {
    +             "data": Object {
    +               "height": 10.5,
    +               "minSize": 24,
    +               "width": 63,
    +             },
    +             "id": "target-size",
    +             "impact": "serious",
    +             "message": "Target has insufficient size (63px by 10.5px, should be at least 24px by 24px)",
    +             "relatedNodes": Array [],
    +           },
    +           Object {
    +             "data": Object {
    +               "closestOffset": 15.6,
    +               "minOffset": 24,
    +             },
    +             "id": "target-offset",
    +             "impact": "serious",
    +             "message": "Target has insufficient space to its closest neighbors. Safe clickable space has a diameter of 15.6px instead of at least 24px.",
    +             "relatedNodes": Array [
    +               Object {
    +                 "html": "<a href=\"https://arxiv.org/pdf/2409.00067v3#page=14\">Luna (Moon)</a>",
    +                 "target": Array [
    +                   "#s2 > .voyage-module__J5otmG__copy > .voyage-module__J5otmG__systemFootprint > p > a:nth-child(1)",
    +                 ],
    +               },
    +             ],
    +           },
    +         ],
    +         "failureSummary": "Fix any of the following:
    +   Target has insufficient size (63px by 10.5px, should be at least 24px by 24px)
    +   Target has insufficient space to its closest neighbors. Safe clickable space has a diameter of 15.6px instead of at least 24px.",
    +         "html": "<a href=\"https://arxiv.org/pdf/2409.00067v3#page=17\">Asteroid mining</a>",
    +         "impact": "serious",
    +         "none": Array [],
    +         "target": Array [
    +           "#s2 > .voyage-module__J5otmG__copy > .voyage-module__J5otmG__systemFootprint > small > a",
    +         ],
    +       },
    +       Object {
    +         "all": Array [],
    +         "any": Array [
    +           Object {
    +             "data": Object {
    +               "height": 15,
    +               "minSize": 24,
    +               "width": 66,
    +             },
    +             "id": "target-size",
    +             "impact": "serious",
    +             "message": "Target has insufficient size (66px by 15px, should be at least 24px by 24px)",
    +             "relatedNodes": Array [],
    +           },
    +           Object {
    +             "data": Object {
    +               "closestOffset": 15.6,
    +               "minOffset": 24,
    +             },
    +             "id": "target-offset",
    +             "impact": "serious",
    +             "message": "Target has insufficient space to its closest neighbors. Safe clickable space has a diameter of 15.6px instead of at least 24px.",
    +             "relatedNodes": Array [
    +               Object {
    +                 "html": "<a href=\"https://arxiv.org/pdf/2409.00067v3#page=17\">Asteroid mining</a>",
    +                 "target": Array [
    +                   "#s3 > .voyage-module__J5otmG__copy > .voyage-module__J5otmG__systemFootprint > small > a:nth-child(1)",
    +                 ],
    +               },
    +             ],
    +           },
    +         ],
    +         "failureSummary": "Fix any of the following:
    +   Target has insufficient size (66px by 15px, should be at least 24px by 24px)
    +   Target has insufficient space to its closest neighbors. Safe clickable space has a diameter of 15.6px instead of at least 24px.",
    +         "html": "<a href=\"https://arxiv.org/pdf/2409.00067v3#page=14\">Luna (Moon)</a>",
    +         "impact": "serious",
    +         "none": Array [],
    +         "target": Array [
    +           "#s3 > .voyage-module__J5otmG__copy > .voyage-module__J5otmG__systemFootprint > p > a:nth-child(1)",
    +         ],
    +       },
    +       Object {
    +         "all": Array [],
    +         "any": Array [
    +           Object {
    +             "data": Object {
    +               "height": 10.5,
    +               "minSize": 24,
    +               "width": 63,
    +             },
    +             "id": "target-size",
    +             "impact": "serious",
    +             "message": "Target has insufficient size (63px by 10.5px, should be at least 24px by 24px)",
    +             "relatedNodes": Array [],
    +           },
    +           Object {
    +             "data": Object {
    +               "closestOffset": 15.6,
    +               "minOffset": 24,
    +             },
    +             "id": "target-offset",
    +             "impact": "serious",
    +             "message": "Target has insufficient space to its closest neighbors. Safe clickable space has a diameter of 15.6px instead of at least 24px.",
    +             "relatedNodes": Array [
    +               Object {
    +                 "html": "<a href=\"https://arxiv.org/pdf/2409.00067v3#page=14\">Luna (Moon)</a>",
    +                 "target": Array [
    +                   "#s3 > .voyage-module__J5otmG__copy > .voyage-module__J5otmG__systemFootprint > p > a:nth-child(1)",
    +                 ],
    +               },
    +             ],
    +           },
    +         ],
    +         "failureSummary": "Fix any of the following:
    +   Target has insufficient size (63px by 10.5px, should be at least 24px by 24px)
    +   Target has insufficient space to its closest neighbors. Safe clickable space has a diameter of 15.6px instead of at least 24px.",
    +         "html": "<a href=\"https://arxiv.org/pdf/2409.00067v3#page=17\">Asteroid mining</a>",
    +         "impact": "serious",
    +         "none": Array [],
    +         "target": Array [
    +           "#s3 > .voyage-module__J5otmG__copy > .voyage-module__J5otmG__systemFootprint > small > a:nth-child(1)",
    +         ],
    +       },
    +       Object {
    +         "all": Array [],
    +         "any": Array [
    +           Object {
    +             "data": Object {
    +               "height": 15,
    +               "minSize": 24,
    +               "width": 66,
    +             },
    +             "id": "target-size",
    +             "impact": "serious",
    +             "message": "Target has insufficient size (66px by 15px, should be at least 24px by 24px)",
    +             "relatedNodes": Array [],
    +           },
    +           Object {
    +             "data": Object {
    +               "closestOffset": 15.6,
    +               "minOffset": 24,
    +             },
    +             "id": "target-offset",
    +             "impact": "serious",
    +             "message": "Target has insufficient space to its closest neighbors. Safe clickable space has a diameter of 15.6px instead of at least 24px.",
    +             "relatedNodes": Array [
    +               Object {
    +                 "html": "<a href=\"https://arxiv.org/pdf/2409.00067v3#page=17\">Asteroid mining</a>",
    +                 "target": Array [
    +                   "#s5 > .voyage-module__J5otmG__copy > .voyage-module__J5otmG__systemFootprint > small > a:nth-child(1)",
    +                 ],
    +               },
    +             ],
    +           },
    +         ],
    +         "failureSummary": "Fix any of the following:
    +   Target has insufficient size (66px by 15px, should be at least 24px by 24px)
    +   Target has insufficient space to its closest neighbors. Safe clickable space has a diameter of 15.6px instead of at least 24px.",
    +         "html": "<a href=\"https://arxiv.org/pdf/2409.00067v3#page=14\">Luna (Moon)</a>",
    +         "impact": "serious",
    +         "none": Array [],
    +         "target": Array [
    +           "#s5 > .voyage-module__J5otmG__copy > .voyage-module__J5otmG__systemFootprint > p > a:nth-child(1)",
    +         ],
    +       },
    +       Object {
    +         "all": Array [],
    +         "any": Array [
    +           Object {
    +             "data": Object {
    +               "height": 15,
    +               "minSize": 24,
    +               "width": 30,
    +             },
    +             "id": "target-size",
    +             "impact": "serious",
    +             "message": "Target has insufficient size (30px by 15px, should be at least 24px by 24px)",
    +             "relatedNodes": Array [],
    +           },
    +           Object {
    +             "data": Object {
    +               "closestOffset": 16.6,
    +               "minOffset": 24,
    +             },
    +             "id": "target-offset",
    +             "impact": "serious",
    +             "message": "Target has insufficient space to its closest neighbors. Safe clickable space has a diameter of 16.6px instead of at least 24px.",
    +             "relatedNodes": Array [
    +               Object {
    +                 "html": "<a href=\"https://arxiv.org/pdf/2409.00067v3#page=17\">Outer planet settlements</a>",
    +                 "target": Array [
    +                   "#s5 > .voyage-module__J5otmG__copy > .voyage-module__J5otmG__systemFootprint > small > a:nth-child(2)",
    +                 ],
    +               },
    +             ],
    +           },
    +         ],
    +         "failureSummary": "Fix any of the following:
    +   Target has insufficient size (30px by 15px, should be at least 24px by 24px)
    +   Target has insufficient space to its closest neighbors. Safe clickable space has a diameter of 16.6px instead of at least 24px.",
    +         "html": "<a href=\"https://arxiv.org/pdf/2409.00067v3#page=14\">Venus</a>",
    +         "impact": "serious",
    +         "none": Array [],
    +         "target": Array [
    +           "#s5 > .voyage-module__J5otmG__copy > .voyage-module__J5otmG__systemFootprint > p > a:nth-child(3)",
    +         ],
    +       },
    +       Object {
    +         "all": Array [],
    +         "any": Array [
    +           Object {
    +             "data": Object {
    +               "height": 10.5,
    +               "minSize": 24,
    +               "width": 63,
    +             },
    +             "id": "target-size",
    +             "impact": "serious",
    +             "message": "Target has insufficient size (63px by 10.5px, should be at least 24px by 24px)",
    +             "relatedNodes": Array [],
    +           },
    +           Object {
    +             "data": Object {
    +               "closestOffset": 15.6,
    +               "minOffset": 24,
    +             },
    +             "id": "target-offset",
    +             "impact": "serious",
    +             "message": "Target has insufficient space to its closest neighbors. Safe clickable space has a diameter of 15.6px instead of at least 24px.",
    +             "relatedNodes": Array [
    +               Object {
    +                 "html": "<a href=\"https://arxiv.org/pdf/2409.00067v3#page=14\">Luna (Moon)</a>",
    +                 "target": Array [
    +                   "#s5 > .voyage-module__J5otmG__copy > .voyage-module__J5otmG__systemFootprint > p > a:nth-child(1)",
    +                 ],
    +               },
    +             ],
    +           },
    +         ],
    +         "failureSummary": "Fix any of the following:
    +   Target has insufficient size (63px by 10.5px, should be at least 24px by 24px)
    +   Target has insufficient space to its closest neighbors. Safe clickable space has a diameter of 15.6px instead of at least 24px.",
    +         "html": "<a href=\"https://arxiv.org/pdf/2409.00067v3#page=17\">Asteroid mining</a>",
    +         "impact": "serious",
    +         "none": Array [],
    +         "target": Array [
    +           "#s5 > .voyage-module__J5otmG__copy > .voyage-module__J5otmG__systemFootprint > small > a:nth-child(1)",
    +         ],
    +       },
    +       Object {
    +         "all": Array [],
    +         "any": Array [
    +           Object {
    +             "data": Object {
    +               "height": 10.5,
    +               "minSize": 24,
    +               "width": 100.8,
    +             },
    +             "id": "target-size",
    +             "impact": "serious",
    +             "message": "Target has insufficient size (100.8px by 10.5px, should be at least 24px by 24px)",
    +             "relatedNodes": Array [],
    +           },
    +           Object {
    +             "data": Object {
    +               "closestOffset": 16.6,
    +               "minOffset": 24,
    +             },
    +             "id": "target-offset",
    +             "impact": "serious",
    +             "message": "Target has insufficient space to its closest neighbors. Safe clickable space has a diameter of 16.6px instead of at least 24px.",
    +             "relatedNodes": Array [
    +               Object {
    +                 "html": "<a href=\"https://arxiv.org/pdf/2409.00067v3#page=14\">Venus</a>",
    +                 "target": Array [
    +                   "#s5 > .voyage-module__J5otmG__copy > .voyage-module__J5otmG__systemFootprint > p > a:nth-child(3)",
    +                 ],
    +               },
    +             ],
    +           },
    +         ],
    +         "failureSummary": "Fix any of the following:
    +   Target has insufficient size (100.8px by 10.5px, should be at least 24px by 24px)
    +   Target has insufficient space to its closest neighbors. Safe clickable space has a diameter of 16.6px instead of at least 24px.",
    +         "html": "<a href=\"https://arxiv.org/pdf/2409.00067v3#page=17\">Outer planet settlements</a>",
    +         "impact": "serious",
    +         "none": Array [],
    +         "target": Array [
    +           "#s5 > .voyage-module__J5otmG__copy > .voyage-module__J5otmG__systemFootprint > small > a:nth-child(2)",
    +         ],
    +       },
    +       Object {
    +         "all": Array [],
    +         "any": Array [
    +           Object {
    +             "data": Object {
    +               "height": 15,
    +               "minSize": 24,
    +               "width": 66,
    +             },
    +             "id": "target-size",
    +             "impact": "serious",
    +             "message": "Target has insufficient size (66px by 15px, should be at least 24px by 24px)",
    +             "relatedNodes": Array [],
    +           },
    +           Object {
    +             "data": Object {
    +               "closestOffset": 15.6,
    +               "minOffset": 24,
    +             },
    +             "id": "target-offset",
    +             "impact": "serious",
    +             "message": "Target has insufficient space to its closest neighbors. Safe clickable space has a diameter of 15.6px instead of at least 24px.",
    +             "relatedNodes": Array [
    +               Object {
    +                 "html": "<a href=\"https://arxiv.org/pdf/2409.00067v3#page=17\">Asteroid mining</a>",
    +                 "target": Array [
    +                   "#s6 > .voyage-module__J5otmG__copy > .voyage-module__J5otmG__systemFootprint > small > a:nth-child(1)",
    +                 ],
    +               },
    +             ],
    +           },
    +         ],
    +         "failureSummary": "Fix any of the following:
    +   Target has insufficient size (66px by 15px, should be at least 24px by 24px)
    +   Target has insufficient space to its closest neighbors. Safe clickable space has a diameter of 15.6px instead of at least 24px.",
    +         "html": "<a href=\"https://arxiv.org/pdf/2409.00067v3#page=14\">Luna (Moon)</a>",
    +         "impact": "serious",
    +         "none": Array [],
    +         "target": Array [
    +           "#s6 > .voyage-module__J5otmG__copy > .voyage-module__J5otmG__systemFootprint > p > a:nth-child(1)",
    +         ],
    +       },
    +       Object {
    +         "all": Array [],
    +         "any": Array [
    +           Object {
    +             "data": Object {
    +               "height": 10.5,
    +               "minSize": 24,
    +               "width": 63,
    +             },
    +             "id": "target-size",
    +             "impact": "serious",
    +             "message": "Target has insufficient size (63px by 10.5px, should be at least 24px by 24px)",
    +             "relatedNodes": Array [],
    +           },
    +           Object {
    +             "data": Object {
    +               "closestOffset": 15.6,
    +               "minOffset": 24,
    +             },
    +             "id": "target-offset",
    +             "impact": "serious",
    +             "message": "Target has insufficient space to its closest neighbors. Safe clickable space has a diameter of 15.6px instead of at least 24px.",
    +             "relatedNodes": Array [
    +               Object {
    +                 "html": "<a href=\"https://arxiv.org/pdf/2409.00067v3#page=14\">Luna (Moon)</a>",
    +                 "target": Array [
    +                   "#s6 > .voyage-module__J5otmG__copy > .voyage-module__J5otmG__systemFootprint > p > a:nth-child(1)",
    +                 ],
    +               },
    +             ],
    +           },
    +         ],
    +         "failureSummary": "Fix any of the following:
    +   Target has insufficient size (63px by 10.5px, should be at least 24px by 24px)
    +   Target has insufficient space to its closest neighbors. Safe clickable space has a diameter of 15.6px instead of at least 24px.",
    +         "html": "<a href=\"https://arxiv.org/pdf/2409.00067v3#page=17\">Asteroid mining</a>",
    +         "impact": "serious",
    +         "none": Array [],
    +         "target": Array [
    +           "#s6 > .voyage-module__J5otmG__copy > .voyage-module__J5otmG__systemFootprint > small > a:nth-child(1)",
    +         ],
    +       },
    +       Object {
    +         "all": Array [],
    +         "any": Array [
    +           Object {
    +             "data": Object {
    +               "height": 15,
    +               "minSize": 24,
    +               "width": 66,
    +             },
    +             "id": "target-size",
    +             "impact": "serious",
    +             "message": "Target has insufficient size (66px by 15px, should be at least 24px by 24px)",
    +             "relatedNodes": Array [],
    +           },
    +           Object {
    +             "data": Object {
    +               "closestOffset": 15.6,
    +               "minOffset": 24,
    +             },
    +             "id": "target-offset",
    +             "impact": "serious",
    +             "message": "Target has insufficient space to its closest neighbors. Safe clickable space has a diameter of 15.6px instead of at least 24px.",
    +             "relatedNodes": Array [
    +               Object {
    +                 "html": "<a href=\"https://arxiv.org/pdf/2409.00067v3#page=17\">Asteroid mining</a>",
    +                 "target": Array [
    +                   "#s9 > .voyage-module__J5otmG__copy > .voyage-module__J5otmG__systemFootprint > small > a:nth-child(1)",
    +                 ],
    +               },
    +             ],
    +           },
    +         ],
    +         "failureSummary": "Fix any of the following:
    +   Target has insufficient size (66px by 15px, should be at least 24px by 24px)
    +   Target has insufficient space to its closest neighbors. Safe clickable space has a diameter of 15.6px instead of at least 24px.",
    +         "html": "<a href=\"https://arxiv.org/pdf/2409.00067v3#page=14\">Luna (Moon)</a>",
    +         "impact": "serious",
    +         "none": Array [],
    +         "target": Array [
    +           "#s9 > .voyage-module__J5otmG__copy > .voyage-module__J5otmG__systemFootprint > p > a:nth-child(1)",
    +         ],
    +       },
    +       Object {
    +         "all": Array [],
    +         "any": Array [
    +           Object {
    +             "data": Object {
    +               "height": 15,
    +               "minSize": 24,
    +               "width": 30,
    +             },
    +             "id": "target-size",
    +             "impact": "serious",
    +             "message": "Target has insufficient size (30px by 15px, should be at least 24px by 24px)",
    +             "relatedNodes": Array [],
    +           },
    +           Object {
    +             "data": Object {
    +               "closestOffset": 16.6,
    +               "minOffset": 24,
    +             },
    +             "id": "target-offset",
    +             "impact": "serious",
    +             "message": "Target has insufficient space to its closest neighbors. Safe clickable space has a diameter of 16.6px instead of at least 24px.",
    +             "relatedNodes": Array [
    +               Object {
    +                 "html": "<a href=\"https://arxiv.org/pdf/2409.00067v3#page=17\">Outer planet settlements</a>",
    +                 "target": Array [
    +                   "#s9 > .voyage-module__J5otmG__copy > .voyage-module__J5otmG__systemFootprint > small > a:nth-child(2)",
    +                 ],
    +               },
    +             ],
    +           },
    +         ],
    +         "failureSummary": "Fix any of the following:
    +   Target has insufficient size (30px by 15px, should be at least 24px by 24px)
    +   Target has insufficient space to its closest neighbors. Safe clickable space has a diameter of 16.6px instead of at least 24px.",
    +         "html": "<a href=\"https://arxiv.org/pdf/2409.00067v3#page=14\">Venus</a>",
    +         "impact": "serious",
    +         "none": Array [],
    +         "target": Array [
    +           "#s9 > .voyage-module__J5otmG__copy > .voyage-module__J5otmG__systemFootprint > p > a:nth-child(3)",
    +         ],
    +       },
    +       Object {
    +         "all": Array [],
    +         "any": Array [
    +           Object {
    +             "data": Object {
    +               "height": 10.5,
    +               "minSize": 24,
    +               "width": 63,
    +             },
    +             "id": "target-size",
    +             "impact": "serious",
    +             "message": "Target has insufficient size (63px by 10.5px, should be at least 24px by 24px)",
    +             "relatedNodes": Array [],
    +           },
    +           Object {
    +             "data": Object {
    +               "closestOffset": 15.6,
    +               "minOffset": 24,
    +             },
    +             "id": "target-offset",
    +             "impact": "serious",
    +             "message": "Target has insufficient space to its closest neighbors. Safe clickable space has a diameter of 15.6px instead of at least 24px.",
    +             "relatedNodes": Array [
    +               Object {
    +                 "html": "<a href=\"https://arxiv.org/pdf/2409.00067v3#page=14\">Luna (Moon)</a>",
    +                 "target": Array [
    +                   "#s9 > .voyage-module__J5otmG__copy > .voyage-module__J5otmG__systemFootprint > p > a:nth-child(1)",
    +                 ],
    +               },
    +             ],
    +           },
    +         ],
    +         "failureSummary": "Fix any of the following:
    +   Target has insufficient size (63px by 10.5px, should be at least 24px by 24px)
    +   Target has insufficient space to its closest neighbors. Safe clickable space has a diameter of 15.6px instead of at least 24px.",
    +         "html": "<a href=\"https://arxiv.org/pdf/2409.00067v3#page=17\">Asteroid mining</a>",
    +         "impact": "serious",
    +         "none": Array [],
    +         "target": Array [
    +           "#s9 > .voyage-module__J5otmG__copy > .voyage-module__J5otmG__systemFootprint > small > a:nth-child(1)",
    +         ],
    +       },
    +       Object {
    +         "all": Array [],
    +         "any": Array [
    +           Object {
    +             "data": Object {
    +               "height": 10.5,
    +               "minSize": 24,
    +               "width": 100.8,
    +             },
    +             "id": "target-size",
    +             "impact": "serious",
    +             "message": "Target has insufficient size (100.8px by 10.5px, should be at least 24px by 24px)",
    +             "relatedNodes": Array [],
    +           },
    +           Object {
    +             "data": Object {
    +               "closestOffset": 16.6,
    +               "minOffset": 24,
    +             },
    +             "id": "target-offset",
    +             "impact": "serious",
    +             "message": "Target has insufficient space to its closest neighbors. Safe clickable space has a diameter of 16.6px instead of at least 24px.",
    +             "relatedNodes": Array [
    +               Object {
    +                 "html": "<a href=\"https://arxiv.org/pdf/2409.00067v3#page=14\">Venus</a>",
    +                 "target": Array [
    +                   "#s9 > .voyage-module__J5otmG__copy > .voyage-module__J5otmG__systemFootprint > p > a:nth-child(3)",
    +                 ],
    +               },
    +             ],
    +           },
    +         ],
    +         "failureSummary": "Fix any of the following:
    +   Target has insufficient size (100.8px by 10.5px, should be at least 24px by 24px)
    +   Target has insufficient space to its closest neighbors. Safe clickable space has a diameter of 16.6px instead of at least 24px.",
    +         "html": "<a href=\"https://arxiv.org/pdf/2409.00067v3#page=17\">Outer planet settlements</a>",
    +         "impact": "serious",
    +         "none": Array [],
    +         "target": Array [
    +           "#s9 > .voyage-module__J5otmG__copy > .voyage-module__J5otmG__systemFootprint > small > a:nth-child(2)",
    +         ],
    +       },
    +       Object {
    +         "all": Array [],
    +         "any": Array [
    +           Object {
    +             "data": Object {
    +               "height": 15,
    +               "minSize": 24,
    +               "width": 66,
    +             },
    +             "id": "target-size",
    +             "impact": "serious",
    +             "message": "Target has insufficient size (66px by 15px, should be at least 24px by 24px)",
    +             "relatedNodes": Array [],
    +           },
    +           Object {
    +             "data": Object {
    +               "closestOffset": 15.6,
    +               "minOffset": 24,
    +             },
    +             "id": "target-offset",
    +             "impact": "serious",
    +             "message": "Target has insufficient space to its closest neighbors. Safe clickable space has a diameter of 15.6px instead of at least 24px.",
    +             "relatedNodes": Array [
    +               Object {
    +                 "html": "<a href=\"https://arxiv.org/pdf/2409.00067v3#page=17\">Asteroid mining</a>",
    +                 "target": Array [
    +                   "#s10 > .voyage-module__J5otmG__copy > .voyage-module__J5otmG__systemFootprint > small > a:nth-child(1)",
    +                 ],
    +               },
    +             ],
    +           },
    +         ],
    +         "failureSummary": "Fix any of the following:
    +   Target has insufficient size (66px by 15px, should be at least 24px by 24px)
    +   Target has insufficient space to its closest neighbors. Safe clickable space has a diameter of 15.6px instead of at least 24px.",
    +         "html": "<a href=\"https://arxiv.org/pdf/2409.00067v3#page=14\">Luna (Moon)</a>",
    +         "impact": "serious",
    +         "none": Array [],
    +         "target": Array [
    +           "#s10 > .voyage-module__J5otmG__copy > .voyage-module__J5otmG__systemFootprint > p > a:nth-child(1)",
    +         ],
    +       },
    +       Object {
    +         "all": Array [],
    +         "any": Array [
    +           Object {
    +             "data": Object {
    +               "height": 15,
    +               "minSize": 24,
    +               "width": 30,
    +             },
    +             "id": "target-size",
    +             "impact": "serious",
    +             "message": "Target has insufficient size (30px by 15px, should be at least 24px by 24px)",
    +             "relatedNodes": Array [],
    +           },
    +           Object {
    +             "data": Object {
    +               "closestOffset": 16.6,
    +               "minOffset": 24,
    +             },
    +             "id": "target-offset",
    +             "impact": "serious",
    +             "message": "Target has insufficient space to its closest neighbors. Safe clickable space has a diameter of 16.6px instead of at least 24px.",
    +             "relatedNodes": Array [
    +               Object {
    +                 "html": "<a href=\"https://arxiv.org/pdf/2409.00067v3#page=17\">Outer planet settlements</a>",
    +                 "target": Array [
    +                   "#s10 > .voyage-module__J5otmG__copy > .voyage-module__J5otmG__systemFootprint > small > a:nth-child(2)",
    +                 ],
    +               },
    +             ],
    +           },
    +         ],
    +         "failureSummary": "Fix any of the following:
    +   Target has insufficient size (30px by 15px, should be at least 24px by 24px)
    +   Target has insufficient space to its closest neighbors. Safe clickable space has a diameter of 16.6px instead of at least 24px.",
    +         "html": "<a href=\"https://arxiv.org/pdf/2409.00067v3#page=14\">Venus</a>",
    +         "impact": "serious",
    +         "none": Array [],
    +         "target": Array [
    +           "#s10 > .voyage-module__J5otmG__copy > .voyage-module__J5otmG__systemFootprint > p > a:nth-child(3)",
    +         ],
    +       },
    +       Object {
    +         "all": Array [],
    +         "any": Array [
    +           Object {
    +             "data": Object {
    +               "height": 10.5,
    +               "minSize": 24,
    +               "width": 63,
    +             },
    +             "id": "target-size",
    +             "impact": "serious",
    +             "message": "Target has insufficient size (63px by 10.5px, should be at least 24px by 24px)",
    +             "relatedNodes": Array [],
    +           },
    +           Object {
    +             "data": Object {
    +               "closestOffset": 15.6,
    +               "minOffset": 24,
    +             },
    +             "id": "target-offset",
    +             "impact": "serious",
    +             "message": "Target has insufficient space to its closest neighbors. Safe clickable space has a diameter of 15.6px instead of at least 24px.",
    +             "relatedNodes": Array [
    +               Object {
    +                 "html": "<a href=\"https://arxiv.org/pdf/2409.00067v3#page=14\">Luna (Moon)</a>",
    +                 "target": Array [
    +                   "#s10 > .voyage-module__J5otmG__copy > .voyage-module__J5otmG__systemFootprint > p > a:nth-child(1)",
    +                 ],
    +               },
    +             ],
    +           },
    +         ],
    +         "failureSummary": "Fix any of the following:
    +   Target has insufficient size (63px by 10.5px, should be at least 24px by 24px)
    +   Target has insufficient space to its closest neighbors. Safe clickable space has a diameter of 15.6px instead of at least 24px.",
    +         "html": "<a href=\"https://arxiv.org/pdf/2409.00067v3#page=17\">Asteroid mining</a>",
    +         "impact": "serious",
    +         "none": Array [],
    +         "target": Array [
    +           "#s10 > .voyage-module__J5otmG__copy > .voyage-module__J5otmG__systemFootprint > small > a:nth-child(1)",
    +         ],
    +       },
    +       Object {
    +         "all": Array [],
    +         "any": Array [
    +           Object {
    +             "data": Object {
    +               "height": 10.5,
    +               "minSize": 24,
    +               "width": 100.8,
    +             },
    +             "id": "target-size",
    +             "impact": "serious",
    +             "message": "Target has insufficient size (100.8px by 10.5px, should be at least 24px by 24px)",
    +             "relatedNodes": Array [],
    +           },
    +           Object {
    +             "data": Object {
    +               "closestOffset": 16.6,
    +               "minOffset": 24,
    +             },
    +             "id": "target-offset",
    +             "impact": "serious",
    +             "message": "Target has insufficient space to its closest neighbors. Safe clickable space has a diameter of 16.6px instead of at least 24px.",
    +             "relatedNodes": Array [
    +               Object {
    +                 "html": "<a href=\"https://arxiv.org/pdf/2409.00067v3#page=14\">Venus</a>",
    +                 "target": Array [
    +                   "#s10 > .voyage-module__J5otmG__copy > .voyage-module__J5otmG__systemFootprint > p > a:nth-child(3)",
    +                 ],
    +               },
    +             ],
    +           },
    +         ],
    +         "failureSummary": "Fix any of the following:
    +   Target has insufficient size (100.8px by 10.5px, should be at least 24px by 24px)
    +   Target has insufficient space to its closest neighbors. Safe clickable space has a diameter of 16.6px instead of at least 24px.",
    +         "html": "<a href=\"https://arxiv.org/pdf/2409.00067v3#page=17\">Outer planet settlements</a>",
    +         "impact": "serious",
    +         "none": Array [],
    +         "target": Array [
    +           "#s10 > .voyage-module__J5otmG__copy > .voyage-module__J5otmG__systemFootprint > small > a:nth-child(2)",
    +         ],
    +       },
    +     ],
    +     "tags": Array [
    +       "cat.sensory-and-visual-cues",
    +       "wcag22aa",
    +       "wcag258",
    +     ],
    +   },
    + ]

      57 |   const results = await analyzeStablePage(page);
      58 |
    > 59 |   expect(results.violations).toEqual([]);
         |                              ^
      60 | });
      61 |
      62 | test('/ reading mode is entered and axe-scanned as the complete article', async ({ page }) => {
        at /Users/ceron/Developer/Projects/janus-observatory/apps/web/e2e/accessibility.spec.ts:59:30

    attachment #1: screenshot (image/png) ──────────────────────────────────────────────────────────
    test-results/accessibility--guided-mode-37e3b-ctable-WCAG-A-AA-violations-chromium/test-failed-1.png
    ────────────────────────────────────────────────────────────────────────────────────────────────

    attachment #2: video (video/webm) ──────────────────────────────────────────────────────────────
    test-results/accessibility--guided-mode-37e3b-ctable-WCAG-A-AA-violations-chromium/video-1.webm
    ────────────────────────────────────────────────────────────────────────────────────────────────

    attachment #3: video (video/webm) ──────────────────────────────────────────────────────────────
    test-results/accessibility--guided-mode-37e3b-ctable-WCAG-A-AA-violations-chromium/video.webm
    ────────────────────────────────────────────────────────────────────────────────────────────────

    Error Context: test-results/accessibility--guided-mode-37e3b-ctable-WCAG-A-AA-violations-chromium/error-context.md

    attachment #5: trace (application/zip) ─────────────────────────────────────────────────────────
    test-results/accessibility--guided-mode-37e3b-ctable-WCAG-A-AA-violations-chromium/trace.zip
    Usage:

        pnpm exec playwright show-trace test-results/accessibility--guided-mode-37e3b-ctable-WCAG-A-AA-violations-chromium/trace.zip

    ────────────────────────────────────────────────────────────────────────────────────────────────

  2) [chromium] › apps/web/e2e/accessibility.spec.ts:62:5 › / reading mode is entered and axe-scanned as the complete article 

    Error: expect(received).toEqual(expected) // deep equality

    - Expected  -   1
    + Received  + 940

    - Array []
    + Array [
    +   Object {
    +     "description": "Ensure touch targets have sufficient size and space",
    +     "help": "All touch targets must be 24px large, or leave sufficient space",
    +     "helpUrl": "https://dequeuniversity.com/rules/axe/4.13/target-size?application=playwright",
    +     "id": "target-size",
    +     "impact": "serious",
    +     "nodes": Array [
    +       Object {
    +         "all": Array [],
    +         "any": Array [
    +           Object {
    +             "data": Object {
    +               "height": 15,
    +               "minSize": 24,
    +               "width": 66,
    +             },
    +             "id": "target-size",
    +             "impact": "serious",
    +             "message": "Target has insufficient size (66px by 15px, should be at least 24px by 24px)",
    +             "relatedNodes": Array [],
    +           },
    +           Object {
    +             "data": Object {
    +               "closestOffset": 15.6,
    +               "minOffset": 24,
    +             },
    +             "id": "target-offset",
    +             "impact": "serious",
    +             "message": "Target has insufficient space to its closest neighbors. Safe clickable space has a diameter of 15.6px instead of at least 24px.",
    +             "relatedNodes": Array [
    +               Object {
    +                 "html": "<a href=\"https://arxiv.org/pdf/2409.00067v3#page=17\">Asteroid mining</a>",
    +                 "target": Array [
    +                   "#s1 > .voyage-module__J5otmG__copy > .voyage-module__J5otmG__systemFootprint > small > a:nth-child(1)",
    +                 ],
    +               },
    +             ],
    +           },
    +         ],
    +         "failureSummary": "Fix any of the following:
    +   Target has insufficient size (66px by 15px, should be at least 24px by 24px)
    +   Target has insufficient space to its closest neighbors. Safe clickable space has a diameter of 15.6px instead of at least 24px.",
    +         "html": "<a href=\"https://arxiv.org/pdf/2409.00067v3#page=14\">Luna (Moon)</a>",
    +         "impact": "serious",
    +         "none": Array [],
    +         "target": Array [
    +           "#s1 > .voyage-module__J5otmG__copy > .voyage-module__J5otmG__systemFootprint > p > a:nth-child(1)",
    +         ],
    +       },
    +       Object {
    +         "all": Array [],
    +         "any": Array [
    +           Object {
    +             "data": Object {
    +               "height": 15,
    +               "minSize": 24,
    +               "width": 30,
    +             },
    +             "id": "target-size",
    +             "impact": "serious",
    +             "message": "Target has insufficient size (30px by 15px, should be at least 24px by 24px)",
    +             "relatedNodes": Array [],
    +           },
    +           Object {
    +             "data": Object {
    +               "closestOffset": 16.6,
    +               "minOffset": 24,
    +             },
    +             "id": "target-offset",
    +             "impact": "serious",
    +             "message": "Target has insufficient space to its closest neighbors. Safe clickable space has a diameter of 16.6px instead of at least 24px.",
    +             "relatedNodes": Array [
    +               Object {
    +                 "html": "<a href=\"https://arxiv.org/pdf/2409.00067v3#page=17\">Outer planet settlements</a>",
    +                 "target": Array [
    +                   "#s1 > .voyage-module__J5otmG__copy > .voyage-module__J5otmG__systemFootprint > small > a:nth-child(2)",
    +                 ],
    +               },
    +             ],
    +           },
    +         ],
    +         "failureSummary": "Fix any of the following:
    +   Target has insufficient size (30px by 15px, should be at least 24px by 24px)
    +   Target has insufficient space to its closest neighbors. Safe clickable space has a diameter of 16.6px instead of at least 24px.",
    +         "html": "<a href=\"https://arxiv.org/pdf/2409.00067v3#page=14\">Venus</a>",
    +         "impact": "serious",
    +         "none": Array [],
    +         "target": Array [
    +           "#s1 > .voyage-module__J5otmG__copy > .voyage-module__J5otmG__systemFootprint > p > a:nth-child(3)",
    +         ],
    +       },
    +       Object {
    +         "all": Array [],
    +         "any": Array [
    +           Object {
    +             "data": Object {
    +               "height": 10.5,
    +               "minSize": 24,
    +               "width": 63,
    +             },
    +             "id": "target-size",
    +             "impact": "serious",
    +             "message": "Target has insufficient size (63px by 10.5px, should be at least 24px by 24px)",
    +             "relatedNodes": Array [],
    +           },
    +           Object {
    +             "data": Object {
    +               "closestOffset": 15.6,
    +               "minOffset": 24,
    +             },
    +             "id": "target-offset",
    +             "impact": "serious",
    +             "message": "Target has insufficient space to its closest neighbors. Safe clickable space has a diameter of 15.6px instead of at least 24px.",
    +             "relatedNodes": Array [
    +               Object {
    +                 "html": "<a href=\"https://arxiv.org/pdf/2409.00067v3#page=14\">Luna (Moon)</a>",
    +                 "target": Array [
    +                   "#s1 > .voyage-module__J5otmG__copy > .voyage-module__J5otmG__systemFootprint > p > a:nth-child(1)",
    +                 ],
    +               },
    +             ],
    +           },
    +         ],
    +         "failureSummary": "Fix any of the following:
    +   Target has insufficient size (63px by 10.5px, should be at least 24px by 24px)
    +   Target has insufficient space to its closest neighbors. Safe clickable space has a diameter of 15.6px instead of at least 24px.",
    +         "html": "<a href=\"https://arxiv.org/pdf/2409.00067v3#page=17\">Asteroid mining</a>",
    +         "impact": "serious",
    +         "none": Array [],
    +         "target": Array [
    +           "#s1 > .voyage-module__J5otmG__copy > .voyage-module__J5otmG__systemFootprint > small > a:nth-child(1)",
    +         ],
    +       },
    +       Object {
    +         "all": Array [],
    +         "any": Array [
    +           Object {
    +             "data": Object {
    +               "height": 10.5,
    +               "minSize": 24,
    +               "width": 100.8,
    +             },
    +             "id": "target-size",
    +             "impact": "serious",
    +             "message": "Target has insufficient size (100.8px by 10.5px, should be at least 24px by 24px)",
    +             "relatedNodes": Array [],
    +           },
    +           Object {
    +             "data": Object {
    +               "closestOffset": 16.6,
    +               "minOffset": 24,
    +             },
    +             "id": "target-offset",
    +             "impact": "serious",
    +             "message": "Target has insufficient space to its closest neighbors. Safe clickable space has a diameter of 16.6px instead of at least 24px.",
    +             "relatedNodes": Array [
    +               Object {
    +                 "html": "<a href=\"https://arxiv.org/pdf/2409.00067v3#page=14\">Venus</a>",
    +                 "target": Array [
    +                   "#s1 > .voyage-module__J5otmG__copy > .voyage-module__J5otmG__systemFootprint > p > a:nth-child(3)",
    +                 ],
    +               },
    +             ],
    +           },
    +         ],
    +         "failureSummary": "Fix any of the following:
    +   Target has insufficient size (100.8px by 10.5px, should be at least 24px by 24px)
    +   Target has insufficient space to its closest neighbors. Safe clickable space has a diameter of 16.6px instead of at least 24px.",
    +         "html": "<a href=\"https://arxiv.org/pdf/2409.00067v3#page=17\">Outer planet settlements</a>",
    +         "impact": "serious",
    +         "none": Array [],
    +         "target": Array [
    +           "#s1 > .voyage-module__J5otmG__copy > .voyage-module__J5otmG__systemFootprint > small > a:nth-child(2)",
    +         ],
    +       },
    +       Object {
    +         "all": Array [],
    +         "any": Array [
    +           Object {
    +             "data": Object {
    +               "height": 15,
    +               "minSize": 24,
    +               "width": 66,
    +             },
    +             "id": "target-size",
    +             "impact": "serious",
    +             "message": "Target has insufficient size (66px by 15px, should be at least 24px by 24px)",
    +             "relatedNodes": Array [],
    +           },
    +           Object {
    +             "data": Object {
    +               "closestOffset": 15.6,
    +               "minOffset": 24,
    +             },
    +             "id": "target-offset",
    +             "impact": "serious",
    +             "message": "Target has insufficient space to its closest neighbors. Safe clickable space has a diameter of 15.6px instead of at least 24px.",
    +             "relatedNodes": Array [
    +               Object {
    +                 "html": "<a href=\"https://arxiv.org/pdf/2409.00067v3#page=17\">Asteroid mining</a>",
    +                 "target": Array [
    +                   "#s2 > .voyage-module__J5otmG__copy > .voyage-module__J5otmG__systemFootprint > small > a",
    +                 ],
    +               },
    +             ],
    +           },
    +         ],
    +         "failureSummary": "Fix any of the following:
    +   Target has insufficient size (66px by 15px, should be at least 24px by 24px)
    +   Target has insufficient space to its closest neighbors. Safe clickable space has a diameter of 15.6px instead of at least 24px.",
    +         "html": "<a href=\"https://arxiv.org/pdf/2409.00067v3#page=14\">Luna (Moon)</a>",
    +         "impact": "serious",
    +         "none": Array [],
    +         "target": Array [
    +           "#s2 > .voyage-module__J5otmG__copy > .voyage-module__J5otmG__systemFootprint > p > a:nth-child(1)",
    +         ],
    +       },
    +       Object {
    +         "all": Array [],
    +         "any": Array [
    +           Object {
    +             "data": Object {
    +               "height": 10.5,
    +               "minSize": 24,
    +               "width": 63,
    +             },
    +             "id": "target-size",
    +             "impact": "serious",
    +             "message": "Target has insufficient size (63px by 10.5px, should be at least 24px by 24px)",
    +             "relatedNodes": Array [],
    +           },
    +           Object {
    +             "data": Object {
    +               "closestOffset": 15.6,
    +               "minOffset": 24,
    +             },
    +             "id": "target-offset",
    +             "impact": "serious",
    +             "message": "Target has insufficient space to its closest neighbors. Safe clickable space has a diameter of 15.6px instead of at least 24px.",
    +             "relatedNodes": Array [
    +               Object {
    +                 "html": "<a href=\"https://arxiv.org/pdf/2409.00067v3#page=14\">Luna (Moon)</a>",
    +                 "target": Array [
    +                   "#s2 > .voyage-module__J5otmG__copy > .voyage-module__J5otmG__systemFootprint > p > a:nth-child(1)",
    +                 ],
    +               },
    +             ],
    +           },
    +         ],
    +         "failureSummary": "Fix any of the following:
    +   Target has insufficient size (63px by 10.5px, should be at least 24px by 24px)
    +   Target has insufficient space to its closest neighbors. Safe clickable space has a diameter of 15.6px instead of at least 24px.",
    +         "html": "<a href=\"https://arxiv.org/pdf/2409.00067v3#page=17\">Asteroid mining</a>",
    +         "impact": "serious",
    +         "none": Array [],
    +         "target": Array [
    +           "#s2 > .voyage-module__J5otmG__copy > .voyage-module__J5otmG__systemFootprint > small > a",
    +         ],
    +       },
    +       Object {
    +         "all": Array [],
    +         "any": Array [
    +           Object {
    +             "data": Object {
    +               "height": 15,
    +               "minSize": 24,
    +               "width": 66,
    +             },
    +             "id": "target-size",
    +             "impact": "serious",
    +             "message": "Target has insufficient size (66px by 15px, should be at least 24px by 24px)",
    +             "relatedNodes": Array [],
    +           },
    +           Object {
    +             "data": Object {
    +               "closestOffset": 15.6,
    +               "minOffset": 24,
    +             },
    +             "id": "target-offset",
    +             "impact": "serious",
    +             "message": "Target has insufficient space to its closest neighbors. Safe clickable space has a diameter of 15.6px instead of at least 24px.",
    +             "relatedNodes": Array [
    +               Object {
    +                 "html": "<a href=\"https://arxiv.org/pdf/2409.00067v3#page=17\">Asteroid mining</a>",
    +                 "target": Array [
    +                   "#s3 > .voyage-module__J5otmG__copy > .voyage-module__J5otmG__systemFootprint > small > a:nth-child(1)",
    +                 ],
    +               },
    +             ],
    +           },
    +         ],
    +         "failureSummary": "Fix any of the following:
    +   Target has insufficient size (66px by 15px, should be at least 24px by 24px)
    +   Target has insufficient space to its closest neighbors. Safe clickable space has a diameter of 15.6px instead of at least 24px.",
    +         "html": "<a href=\"https://arxiv.org/pdf/2409.00067v3#page=14\">Luna (Moon)</a>",
    +         "impact": "serious",
    +         "none": Array [],
    +         "target": Array [
    +           "#s3 > .voyage-module__J5otmG__copy > .voyage-module__J5otmG__systemFootprint > p > a:nth-child(1)",
    +         ],
    +       },
    +       Object {
    +         "all": Array [],
    +         "any": Array [
    +           Object {
    +             "data": Object {
    +               "height": 10.5,
    +               "minSize": 24,
    +               "width": 63,
    +             },
    +             "id": "target-size",
    +             "impact": "serious",
    +             "message": "Target has insufficient size (63px by 10.5px, should be at least 24px by 24px)",
    +             "relatedNodes": Array [],
    +           },
    +           Object {
    +             "data": Object {
    +               "closestOffset": 15.6,
    +               "minOffset": 24,
    +             },
    +             "id": "target-offset",
    +             "impact": "serious",
    +             "message": "Target has insufficient space to its closest neighbors. Safe clickable space has a diameter of 15.6px instead of at least 24px.",
    +             "relatedNodes": Array [
    +               Object {
    +                 "html": "<a href=\"https://arxiv.org/pdf/2409.00067v3#page=14\">Luna (Moon)</a>",
    +                 "target": Array [
    +                   "#s3 > .voyage-module__J5otmG__copy > .voyage-module__J5otmG__systemFootprint > p > a:nth-child(1)",
    +                 ],
    +               },
    +             ],
    +           },
    +         ],
    +         "failureSummary": "Fix any of the following:
    +   Target has insufficient size (63px by 10.5px, should be at least 24px by 24px)
    +   Target has insufficient space to its closest neighbors. Safe clickable space has a diameter of 15.6px instead of at least 24px.",
    +         "html": "<a href=\"https://arxiv.org/pdf/2409.00067v3#page=17\">Asteroid mining</a>",
    +         "impact": "serious",
    +         "none": Array [],
    +         "target": Array [
    +           "#s3 > .voyage-module__J5otmG__copy > .voyage-module__J5otmG__systemFootprint > small > a:nth-child(1)",
    +         ],
    +       },
    +       Object {
    +         "all": Array [],
    +         "any": Array [
    +           Object {
    +             "data": Object {
    +               "height": 15,
    +               "minSize": 24,
    +               "width": 66,
    +             },
    +             "id": "target-size",
    +             "impact": "serious",
    +             "message": "Target has insufficient size (66px by 15px, should be at least 24px by 24px)",
    +             "relatedNodes": Array [],
    +           },
    +           Object {
    +             "data": Object {
    +               "closestOffset": 15.6,
    +               "minOffset": 24,
    +             },
    +             "id": "target-offset",
    +             "impact": "serious",
    +             "message": "Target has insufficient space to its closest neighbors. Safe clickable space has a diameter of 15.6px instead of at least 24px.",
    +             "relatedNodes": Array [
    +               Object {
    +                 "html": "<a href=\"https://arxiv.org/pdf/2409.00067v3#page=17\">Asteroid mining</a>",
    +                 "target": Array [
    +                   "#s5 > .voyage-module__J5otmG__copy > .voyage-module__J5otmG__systemFootprint > small > a:nth-child(1)",
    +                 ],
    +               },
    +             ],
    +           },
    +         ],
    +         "failureSummary": "Fix any of the following:
    +   Target has insufficient size (66px by 15px, should be at least 24px by 24px)
    +   Target has insufficient space to its closest neighbors. Safe clickable space has a diameter of 15.6px instead of at least 24px.",
    +         "html": "<a href=\"https://arxiv.org/pdf/2409.00067v3#page=14\">Luna (Moon)</a>",
    +         "impact": "serious",
    +         "none": Array [],
    +         "target": Array [
    +           "#s5 > .voyage-module__J5otmG__copy > .voyage-module__J5otmG__systemFootprint > p > a:nth-child(1)",
    +         ],
    +       },
    +       Object {
    +         "all": Array [],
    +         "any": Array [
    +           Object {
    +             "data": Object {
    +               "height": 15,
    +               "minSize": 24,
    +               "width": 30,
    +             },
    +             "id": "target-size",
    +             "impact": "serious",
    +             "message": "Target has insufficient size (30px by 15px, should be at least 24px by 24px)",
    +             "relatedNodes": Array [],
    +           },
    +           Object {
    +             "data": Object {
    +               "closestOffset": 16.6,
    +               "minOffset": 24,
    +             },
    +             "id": "target-offset",
    +             "impact": "serious",
    +             "message": "Target has insufficient space to its closest neighbors. Safe clickable space has a diameter of 16.6px instead of at least 24px.",
    +             "relatedNodes": Array [
    +               Object {
    +                 "html": "<a href=\"https://arxiv.org/pdf/2409.00067v3#page=17\">Outer planet settlements</a>",
    +                 "target": Array [
    +                   "#s5 > .voyage-module__J5otmG__copy > .voyage-module__J5otmG__systemFootprint > small > a:nth-child(2)",
    +                 ],
    +               },
    +             ],
    +           },
    +         ],
    +         "failureSummary": "Fix any of the following:
    +   Target has insufficient size (30px by 15px, should be at least 24px by 24px)
    +   Target has insufficient space to its closest neighbors. Safe clickable space has a diameter of 16.6px instead of at least 24px.",
    +         "html": "<a href=\"https://arxiv.org/pdf/2409.00067v3#page=14\">Venus</a>",
    +         "impact": "serious",
    +         "none": Array [],
    +         "target": Array [
    +           "#s5 > .voyage-module__J5otmG__copy > .voyage-module__J5otmG__systemFootprint > p > a:nth-child(3)",
    +         ],
    +       },
    +       Object {
    +         "all": Array [],
    +         "any": Array [
    +           Object {
    +             "data": Object {
    +               "height": 10.5,
    +               "minSize": 24,
    +               "width": 63,
    +             },
    +             "id": "target-size",
    +             "impact": "serious",
    +             "message": "Target has insufficient size (63px by 10.5px, should be at least 24px by 24px)",
    +             "relatedNodes": Array [],
    +           },
    +           Object {
    +             "data": Object {
    +               "closestOffset": 15.6,
    +               "minOffset": 24,
    +             },
    +             "id": "target-offset",
    +             "impact": "serious",
    +             "message": "Target has insufficient space to its closest neighbors. Safe clickable space has a diameter of 15.6px instead of at least 24px.",
    +             "relatedNodes": Array [
    +               Object {
    +                 "html": "<a href=\"https://arxiv.org/pdf/2409.00067v3#page=14\">Luna (Moon)</a>",
    +                 "target": Array [
    +                   "#s5 > .voyage-module__J5otmG__copy > .voyage-module__J5otmG__systemFootprint > p > a:nth-child(1)",
    +                 ],
    +               },
    +             ],
    +           },
    +         ],
    +         "failureSummary": "Fix any of the following:
    +   Target has insufficient size (63px by 10.5px, should be at least 24px by 24px)
    +   Target has insufficient space to its closest neighbors. Safe clickable space has a diameter of 15.6px instead of at least 24px.",
    +         "html": "<a href=\"https://arxiv.org/pdf/2409.00067v3#page=17\">Asteroid mining</a>",
    +         "impact": "serious",
    +         "none": Array [],
    +         "target": Array [
    +           "#s5 > .voyage-module__J5otmG__copy > .voyage-module__J5otmG__systemFootprint > small > a:nth-child(1)",
    +         ],
    +       },
    +       Object {
    +         "all": Array [],
    +         "any": Array [
    +           Object {
    +             "data": Object {
    +               "height": 10.5,
    +               "minSize": 24,
    +               "width": 100.8,
    +             },
    +             "id": "target-size",
    +             "impact": "serious",
    +             "message": "Target has insufficient size (100.8px by 10.5px, should be at least 24px by 24px)",
    +             "relatedNodes": Array [],
    +           },
    +           Object {
    +             "data": Object {
    +               "closestOffset": 16.6,
    +               "minOffset": 24,
    +             },
    +             "id": "target-offset",
    +             "impact": "serious",
    +             "message": "Target has insufficient space to its closest neighbors. Safe clickable space has a diameter of 16.6px instead of at least 24px.",
    +             "relatedNodes": Array [
    +               Object {
    +                 "html": "<a href=\"https://arxiv.org/pdf/2409.00067v3#page=14\">Venus</a>",
    +                 "target": Array [
    +                   "#s5 > .voyage-module__J5otmG__copy > .voyage-module__J5otmG__systemFootprint > p > a:nth-child(3)",
    +                 ],
    +               },
    +             ],
    +           },
    +         ],
    +         "failureSummary": "Fix any of the following:
    +   Target has insufficient size (100.8px by 10.5px, should be at least 24px by 24px)
    +   Target has insufficient space to its closest neighbors. Safe clickable space has a diameter of 16.6px instead of at least 24px.",
    +         "html": "<a href=\"https://arxiv.org/pdf/2409.00067v3#page=17\">Outer planet settlements</a>",
    +         "impact": "serious",
    +         "none": Array [],
    +         "target": Array [
    +           "#s5 > .voyage-module__J5otmG__copy > .voyage-module__J5otmG__systemFootprint > small > a:nth-child(2)",
    +         ],
    +       },
    +       Object {
    +         "all": Array [],
    +         "any": Array [
    +           Object {
    +             "data": Object {
    +               "height": 15,
    +               "minSize": 24,
    +               "width": 66,
    +             },
    +             "id": "target-size",
    +             "impact": "serious",
    +             "message": "Target has insufficient size (66px by 15px, should be at least 24px by 24px)",
    +             "relatedNodes": Array [],
    +           },
    +           Object {
    +             "data": Object {
    +               "closestOffset": 15.6,
    +               "minOffset": 24,
    +             },
    +             "id": "target-offset",
    +             "impact": "serious",
    +             "message": "Target has insufficient space to its closest neighbors. Safe clickable space has a diameter of 15.6px instead of at least 24px.",
    +             "relatedNodes": Array [
    +               Object {
    +                 "html": "<a href=\"https://arxiv.org/pdf/2409.00067v3#page=17\">Asteroid mining</a>",
    +                 "target": Array [
    +                   "#s6 > .voyage-module__J5otmG__copy > .voyage-module__J5otmG__systemFootprint > small > a:nth-child(1)",
    +                 ],
    +               },
    +             ],
    +           },
    +         ],
    +         "failureSummary": "Fix any of the following:
    +   Target has insufficient size (66px by 15px, should be at least 24px by 24px)
    +   Target has insufficient space to its closest neighbors. Safe clickable space has a diameter of 15.6px instead of at least 24px.",
    +         "html": "<a href=\"https://arxiv.org/pdf/2409.00067v3#page=14\">Luna (Moon)</a>",
    +         "impact": "serious",
    +         "none": Array [],
    +         "target": Array [
    +           "#s6 > .voyage-module__J5otmG__copy > .voyage-module__J5otmG__systemFootprint > p > a:nth-child(1)",
    +         ],
    +       },
    +       Object {
    +         "all": Array [],
    +         "any": Array [
    +           Object {
    +             "data": Object {
    +               "height": 10.5,
    +               "minSize": 24,
    +               "width": 63,
    +             },
    +             "id": "target-size",
    +             "impact": "serious",
    +             "message": "Target has insufficient size (63px by 10.5px, should be at least 24px by 24px)",
    +             "relatedNodes": Array [],
    +           },
    +           Object {
    +             "data": Object {
    +               "closestOffset": 15.6,
    +               "minOffset": 24,
    +             },
    +             "id": "target-offset",
    +             "impact": "serious",
    +             "message": "Target has insufficient space to its closest neighbors. Safe clickable space has a diameter of 15.6px instead of at least 24px.",
    +             "relatedNodes": Array [
    +               Object {
    +                 "html": "<a href=\"https://arxiv.org/pdf/2409.00067v3#page=14\">Luna (Moon)</a>",
    +                 "target": Array [
    +                   "#s6 > .voyage-module__J5otmG__copy > .voyage-module__J5otmG__systemFootprint > p > a:nth-child(1)",
    +                 ],
    +               },
    +             ],
    +           },
    +         ],
    +         "failureSummary": "Fix any of the following:
    +   Target has insufficient size (63px by 10.5px, should be at least 24px by 24px)
    +   Target has insufficient space to its closest neighbors. Safe clickable space has a diameter of 15.6px instead of at least 24px.",
    +         "html": "<a href=\"https://arxiv.org/pdf/2409.00067v3#page=17\">Asteroid mining</a>",
    +         "impact": "serious",
    +         "none": Array [],
    +         "target": Array [
    +           "#s6 > .voyage-module__J5otmG__copy > .voyage-module__J5otmG__systemFootprint > small > a:nth-child(1)",
    +         ],
    +       },
    +       Object {
    +         "all": Array [],
    +         "any": Array [
    +           Object {
    +             "data": Object {
    +               "height": 15,
    +               "minSize": 24,
    +               "width": 66,
    +             },
    +             "id": "target-size",
    +             "impact": "serious",
    +             "message": "Target has insufficient size (66px by 15px, should be at least 24px by 24px)",
    +             "relatedNodes": Array [],
    +           },
    +           Object {
    +             "data": Object {
    +               "closestOffset": 15.6,
    +               "minOffset": 24,
    +             },
    +             "id": "target-offset",
    +             "impact": "serious",
    +             "message": "Target has insufficient space to its closest neighbors. Safe clickable space has a diameter of 15.6px instead of at least 24px.",
    +             "relatedNodes": Array [
    +               Object {
    +                 "html": "<a href=\"https://arxiv.org/pdf/2409.00067v3#page=17\">Asteroid mining</a>",
    +                 "target": Array [
    +                   "#s9 > .voyage-module__J5otmG__copy > .voyage-module__J5otmG__systemFootprint > small > a:nth-child(1)",
    +                 ],
    +               },
    +             ],
    +           },
    +         ],
    +         "failureSummary": "Fix any of the following:
    +   Target has insufficient size (66px by 15px, should be at least 24px by 24px)
    +   Target has insufficient space to its closest neighbors. Safe clickable space has a diameter of 15.6px instead of at least 24px.",
    +         "html": "<a href=\"https://arxiv.org/pdf/2409.00067v3#page=14\">Luna (Moon)</a>",
    +         "impact": "serious",
    +         "none": Array [],
    +         "target": Array [
    +           "#s9 > .voyage-module__J5otmG__copy > .voyage-module__J5otmG__systemFootprint > p > a:nth-child(1)",
    +         ],
    +       },
    +       Object {
    +         "all": Array [],
    +         "any": Array [
    +           Object {
    +             "data": Object {
    +               "height": 15,
    +               "minSize": 24,
    +               "width": 30,
    +             },
    +             "id": "target-size",
    +             "impact": "serious",
    +             "message": "Target has insufficient size (30px by 15px, should be at least 24px by 24px)",
    +             "relatedNodes": Array [],
    +           },
    +           Object {
    +             "data": Object {
    +               "closestOffset": 16.6,
    +               "minOffset": 24,
    +             },
    +             "id": "target-offset",
    +             "impact": "serious",
    +             "message": "Target has insufficient space to its closest neighbors. Safe clickable space has a diameter of 16.6px instead of at least 24px.",
    +             "relatedNodes": Array [
    +               Object {
    +                 "html": "<a href=\"https://arxiv.org/pdf/2409.00067v3#page=17\">Outer planet settlements</a>",
    +                 "target": Array [
    +                   "#s9 > .voyage-module__J5otmG__copy > .voyage-module__J5otmG__systemFootprint > small > a:nth-child(2)",
    +                 ],
    +               },
    +             ],
    +           },
    +         ],
    +         "failureSummary": "Fix any of the following:
    +   Target has insufficient size (30px by 15px, should be at least 24px by 24px)
    +   Target has insufficient space to its closest neighbors. Safe clickable space has a diameter of 16.6px instead of at least 24px.",
    +         "html": "<a href=\"https://arxiv.org/pdf/2409.00067v3#page=14\">Venus</a>",
    +         "impact": "serious",
    +         "none": Array [],
    +         "target": Array [
    +           "#s9 > .voyage-module__J5otmG__copy > .voyage-module__J5otmG__systemFootprint > p > a:nth-child(3)",
    +         ],
    +       },
    +       Object {
    +         "all": Array [],
    +         "any": Array [
    +           Object {
    +             "data": Object {
    +               "height": 10.5,
    +               "minSize": 24,
    +               "width": 63,
    +             },
    +             "id": "target-size",
    +             "impact": "serious",
    +             "message": "Target has insufficient size (63px by 10.5px, should be at least 24px by 24px)",
    +             "relatedNodes": Array [],
    +           },
    +           Object {
    +             "data": Object {
    +               "closestOffset": 15.6,
    +               "minOffset": 24,
    +             },
    +             "id": "target-offset",
    +             "impact": "serious",
    +             "message": "Target has insufficient space to its closest neighbors. Safe clickable space has a diameter of 15.6px instead of at least 24px.",
    +             "relatedNodes": Array [
    +               Object {
    +                 "html": "<a href=\"https://arxiv.org/pdf/2409.00067v3#page=14\">Luna (Moon)</a>",
    +                 "target": Array [
    +                   "#s9 > .voyage-module__J5otmG__copy > .voyage-module__J5otmG__systemFootprint > p > a:nth-child(1)",
    +                 ],
    +               },
    +             ],
    +           },
    +         ],
    +         "failureSummary": "Fix any of the following:
    +   Target has insufficient size (63px by 10.5px, should be at least 24px by 24px)
    +   Target has insufficient space to its closest neighbors. Safe clickable space has a diameter of 15.6px instead of at least 24px.",
    +         "html": "<a href=\"https://arxiv.org/pdf/2409.00067v3#page=17\">Asteroid mining</a>",
    +         "impact": "serious",
    +         "none": Array [],
    +         "target": Array [
    +           "#s9 > .voyage-module__J5otmG__copy > .voyage-module__J5otmG__systemFootprint > small > a:nth-child(1)",
    +         ],
    +       },
    +       Object {
    +         "all": Array [],
    +         "any": Array [
    +           Object {
    +             "data": Object {
    +               "height": 10.5,
    +               "minSize": 24,
    +               "width": 100.8,
    +             },
    +             "id": "target-size",
    +             "impact": "serious",
    +             "message": "Target has insufficient size (100.8px by 10.5px, should be at least 24px by 24px)",
    +             "relatedNodes": Array [],
    +           },
    +           Object {
    +             "data": Object {
    +               "closestOffset": 16.6,
    +               "minOffset": 24,
    +             },
    +             "id": "target-offset",
    +             "impact": "serious",
    +             "message": "Target has insufficient space to its closest neighbors. Safe clickable space has a diameter of 16.6px instead of at least 24px.",
    +             "relatedNodes": Array [
    +               Object {
    +                 "html": "<a href=\"https://arxiv.org/pdf/2409.00067v3#page=14\">Venus</a>",
    +                 "target": Array [
    +                   "#s9 > .voyage-module__J5otmG__copy > .voyage-module__J5otmG__systemFootprint > p > a:nth-child(3)",
    +                 ],
    +               },
    +             ],
    +           },
    +         ],
    +         "failureSummary": "Fix any of the following:
    +   Target has insufficient size (100.8px by 10.5px, should be at least 24px by 24px)
    +   Target has insufficient space to its closest neighbors. Safe clickable space has a diameter of 16.6px instead of at least 24px.",
    +         "html": "<a href=\"https://arxiv.org/pdf/2409.00067v3#page=17\">Outer planet settlements</a>",
    +         "impact": "serious",
    +         "none": Array [],
    +         "target": Array [
    +           "#s9 > .voyage-module__J5otmG__copy > .voyage-module__J5otmG__systemFootprint > small > a:nth-child(2)",
    +         ],
    +       },
    +       Object {
    +         "all": Array [],
    +         "any": Array [
    +           Object {
    +             "data": Object {
    +               "height": 15,
    +               "minSize": 24,
    +               "width": 66,
    +             },
    +             "id": "target-size",
    +             "impact": "serious",
    +             "message": "Target has insufficient size (66px by 15px, should be at least 24px by 24px)",
    +             "relatedNodes": Array [],
    +           },
    +           Object {
    +             "data": Object {
    +               "closestOffset": 15.6,
    +               "minOffset": 24,
    +             },
    +             "id": "target-offset",
    +             "impact": "serious",
    +             "message": "Target has insufficient space to its closest neighbors. Safe clickable space has a diameter of 15.6px instead of at least 24px.",
    +             "relatedNodes": Array [
    +               Object {
    +                 "html": "<a href=\"https://arxiv.org/pdf/2409.00067v3#page=17\">Asteroid mining</a>",
    +                 "target": Array [
    +                   "#s10 > .voyage-module__J5otmG__copy > .voyage-module__J5otmG__systemFootprint > small > a:nth-child(1)",
    +                 ],
    +               },
    +             ],
    +           },
    +         ],
    +         "failureSummary": "Fix any of the following:
    +   Target has insufficient size (66px by 15px, should be at least 24px by 24px)
    +   Target has insufficient space to its closest neighbors. Safe clickable space has a diameter of 15.6px instead of at least 24px.",
    +         "html": "<a href=\"https://arxiv.org/pdf/2409.00067v3#page=14\">Luna (Moon)</a>",
    +         "impact": "serious",
    +         "none": Array [],
    +         "target": Array [
    +           "#s10 > .voyage-module__J5otmG__copy > .voyage-module__J5otmG__systemFootprint > p > a:nth-child(1)",
    +         ],
    +       },
    +       Object {
    +         "all": Array [],
    +         "any": Array [
    +           Object {
    +             "data": Object {
    +               "height": 15,
    +               "minSize": 24,
    +               "width": 30,
    +             },
    +             "id": "target-size",
    +             "impact": "serious",
    +             "message": "Target has insufficient size (30px by 15px, should be at least 24px by 24px)",
    +             "relatedNodes": Array [],
    +           },
    +           Object {
    +             "data": Object {
    +               "closestOffset": 16.6,
    +               "minOffset": 24,
    +             },
    +             "id": "target-offset",
    +             "impact": "serious",
    +             "message": "Target has insufficient space to its closest neighbors. Safe clickable space has a diameter of 16.6px instead of at least 24px.",
    +             "relatedNodes": Array [
    +               Object {
    +                 "html": "<a href=\"https://arxiv.org/pdf/2409.00067v3#page=17\">Outer planet settlements</a>",
    +                 "target": Array [
    +                   "#s10 > .voyage-module__J5otmG__copy > .voyage-module__J5otmG__systemFootprint > small > a:nth-child(2)",
    +                 ],
    +               },
    +             ],
    +           },
    +         ],
    +         "failureSummary": "Fix any of the following:
    +   Target has insufficient size (30px by 15px, should be at least 24px by 24px)
    +   Target has insufficient space to its closest neighbors. Safe clickable space has a diameter of 16.6px instead of at least 24px.",
    +         "html": "<a href=\"https://arxiv.org/pdf/2409.00067v3#page=14\">Venus</a>",
    +         "impact": "serious",
    +         "none": Array [],
    +         "target": Array [
    +           "#s10 > .voyage-module__J5otmG__copy > .voyage-module__J5otmG__systemFootprint > p > a:nth-child(3)",
    +         ],
    +       },
    +       Object {
    +         "all": Array [],
    +         "any": Array [
    +           Object {
    +             "data": Object {
    +               "height": 10.5,
    +               "minSize": 24,
    +               "width": 63,
    +             },
    +             "id": "target-size",
    +             "impact": "serious",
    +             "message": "Target has insufficient size (63px by 10.5px, should be at least 24px by 24px)",
    +             "relatedNodes": Array [],
    +           },
    +           Object {
    +             "data": Object {
    +               "closestOffset": 15.6,
    +               "minOffset": 24,
    +             },
    +             "id": "target-offset",
    +             "impact": "serious",
    +             "message": "Target has insufficient space to its closest neighbors. Safe clickable space has a diameter of 15.6px instead of at least 24px.",
    +             "relatedNodes": Array [
    +               Object {
    +                 "html": "<a href=\"https://arxiv.org/pdf/2409.00067v3#page=14\">Luna (Moon)</a>",
    +                 "target": Array [
    +                   "#s10 > .voyage-module__J5otmG__copy > .voyage-module__J5otmG__systemFootprint > p > a:nth-child(1)",
    +                 ],
    +               },
    +             ],
    +           },
    +         ],
    +         "failureSummary": "Fix any of the following:
    +   Target has insufficient size (63px by 10.5px, should be at least 24px by 24px)
    +   Target has insufficient space to its closest neighbors. Safe clickable space has a diameter of 15.6px instead of at least 24px.",
    +         "html": "<a href=\"https://arxiv.org/pdf/2409.00067v3#page=17\">Asteroid mining</a>",
    +         "impact": "serious",
    +         "none": Array [],
    +         "target": Array [
    +           "#s10 > .voyage-module__J5otmG__copy > .voyage-module__J5otmG__systemFootprint > small > a:nth-child(1)",
    +         ],
    +       },
    +       Object {
    +         "all": Array [],
    +         "any": Array [
    +           Object {
    +             "data": Object {
    +               "height": 10.5,
    +               "minSize": 24,
    +               "width": 100.8,
    +             },
    +             "id": "target-size",
    +             "impact": "serious",
    +             "message": "Target has insufficient size (100.8px by 10.5px, should be at least 24px by 24px)",
    +             "relatedNodes": Array [],
    +           },
    +           Object {
    +             "data": Object {
    +               "closestOffset": 16.6,
    +               "minOffset": 24,
    +             },
    +             "id": "target-offset",
    +             "impact": "serious",
    +             "message": "Target has insufficient space to its closest neighbors. Safe clickable space has a diameter of 16.6px instead of at least 24px.",
    +             "relatedNodes": Array [
    +               Object {
    +                 "html": "<a href=\"https://arxiv.org/pdf/2409.00067v3#page=14\">Venus</a>",
    +                 "target": Array [
    +                   "#s10 > .voyage-module__J5otmG__copy > .voyage-module__J5otmG__systemFootprint > p > a:nth-child(3)",
    +                 ],
    +               },
    +             ],
    +           },
    +         ],
    +         "failureSummary": "Fix any of the following:
    +   Target has insufficient size (100.8px by 10.5px, should be at least 24px by 24px)
    +   Target has insufficient space to its closest neighbors. Safe clickable space has a diameter of 16.6px instead of at least 24px.",
    +         "html": "<a href=\"https://arxiv.org/pdf/2409.00067v3#page=17\">Outer planet settlements</a>",
    +         "impact": "serious",
    +         "none": Array [],
    +         "target": Array [
    +           "#s10 > .voyage-module__J5otmG__copy > .voyage-module__J5otmG__systemFootprint > small > a:nth-child(2)",
    +         ],
    +       },
    +     ],
    +     "tags": Array [
    +       "cat.sensory-and-visual-cues",
    +       "wcag22aa",
    +       "wcag258",
    +     ],
    +   },
    + ]

      72 |   const results = await analyzeStablePage(page);
      73 |
    > 74 |   expect(results.violations).toEqual([]);
         |                              ^
      75 | });
      76 |
        at /Users/ceron/Developer/Projects/janus-observatory/apps/web/e2e/accessibility.spec.ts:74:30

    attachment #1: screenshot (image/png) ──────────────────────────────────────────────────────────
    test-results/accessibility--reading-mod-a983e-ned-as-the-complete-article-chromium/test-failed-1.png
    ────────────────────────────────────────────────────────────────────────────────────────────────

    attachment #2: video (video/webm) ──────────────────────────────────────────────────────────────
    test-results/accessibility--reading-mod-a983e-ned-as-the-complete-article-chromium/video-1.webm
    ────────────────────────────────────────────────────────────────────────────────────────────────

    attachment #3: video (video/webm) ──────────────────────────────────────────────────────────────
    test-results/accessibility--reading-mod-a983e-ned-as-the-complete-article-chromium/video.webm
    ────────────────────────────────────────────────────────────────────────────────────────────────

    Error Context: test-results/accessibility--reading-mod-a983e-ned-as-the-complete-article-chromium/error-context.md

    attachment #5: trace (application/zip) ─────────────────────────────────────────────────────────
    test-results/accessibility--reading-mod-a983e-ned-as-the-complete-article-chromium/trace.zip
    Usage:

        pnpm exec playwright show-trace test-results/accessibility--reading-mod-a983e-ned-as-the-complete-article-chromium/trace.zip

    ────────────────────────────────────────────────────────────────────────────────────────────────

  3) [firefox] › apps/web/e2e/accessibility.spec.ts:52:5 › / guided mode has no automatically detectable WCAG A/AA violations 

    Error: expect(received).toEqual(expected) // deep equality

    - Expected  -   1
    + Received  + 940

    - Array []
    + Array [
    +   Object {
    +     "description": "Ensure touch targets have sufficient size and space",
    +     "help": "All touch targets must be 24px large, or leave sufficient space",
    +     "helpUrl": "https://dequeuniversity.com/rules/axe/4.13/target-size?application=playwright",
    +     "id": "target-size",
    +     "impact": "serious",
    +     "nodes": Array [
    +       Object {
    +         "all": Array [],
    +         "any": Array [
    +           Object {
    +             "data": Object {
    +               "height": 15,
    +               "minSize": 24,
    +               "width": 66,
    +             },
    +             "id": "target-size",
    +             "impact": "serious",
    +             "message": "Target has insufficient size (66px by 15px, should be at least 24px by 24px)",
    +             "relatedNodes": Array [],
    +           },
    +           Object {
    +             "data": Object {
    +               "closestOffset": 15.6,
    +               "minOffset": 24,
    +             },
    +             "id": "target-offset",
    +             "impact": "serious",
    +             "message": "Target has insufficient space to its closest neighbors. Safe clickable space has a diameter of 15.6px instead of at least 24px.",
    +             "relatedNodes": Array [
    +               Object {
    +                 "html": "<a href=\"https://arxiv.org/pdf/2409.00067v3#page=17\">Asteroid mining</a>",
    +                 "target": Array [
    +                   "#s1 > .voyage-module__J5otmG__copy > .voyage-module__J5otmG__systemFootprint > small > a:nth-child(1)",
    +                 ],
    +               },
    +             ],
    +           },
    +         ],
    +         "failureSummary": "Fix any of the following:
    +   Target has insufficient size (66px by 15px, should be at least 24px by 24px)
    +   Target has insufficient space to its closest neighbors. Safe clickable space has a diameter of 15.6px instead of at least 24px.",
    +         "html": "<a href=\"https://arxiv.org/pdf/2409.00067v3#page=14\">Luna (Moon)</a>",
    +         "impact": "serious",
    +         "none": Array [],
    +         "target": Array [
    +           "#s1 > .voyage-module__J5otmG__copy > .voyage-module__J5otmG__systemFootprint > p > a:nth-child(1)",
    +         ],
    +       },
    +       Object {
    +         "all": Array [],
    +         "any": Array [
    +           Object {
    +             "data": Object {
    +               "height": 15,
    +               "minSize": 24,
    +               "width": 30,
    +             },
    +             "id": "target-size",
    +             "impact": "serious",
    +             "message": "Target has insufficient size (30px by 15px, should be at least 24px by 24px)",
    +             "relatedNodes": Array [],
    +           },
    +           Object {
    +             "data": Object {
    +               "closestOffset": 16.6,
    +               "minOffset": 24,
    +             },
    +             "id": "target-offset",
    +             "impact": "serious",
    +             "message": "Target has insufficient space to its closest neighbors. Safe clickable space has a diameter of 16.6px instead of at least 24px.",
    +             "relatedNodes": Array [
    +               Object {
    +                 "html": "<a href=\"https://arxiv.org/pdf/2409.00067v3#page=17\">Outer planet settlements</a>",
    +                 "target": Array [
    +                   "#s1 > .voyage-module__J5otmG__copy > .voyage-module__J5otmG__systemFootprint > small > a:nth-child(2)",
    +                 ],
    +               },
    +             ],
    +           },
    +         ],
    +         "failureSummary": "Fix any of the following:
    +   Target has insufficient size (30px by 15px, should be at least 24px by 24px)
    +   Target has insufficient space to its closest neighbors. Safe clickable space has a diameter of 16.6px instead of at least 24px.",
    +         "html": "<a href=\"https://arxiv.org/pdf/2409.00067v3#page=14\">Venus</a>",
    +         "impact": "serious",
    +         "none": Array [],
    +         "target": Array [
    +           "#s1 > .voyage-module__J5otmG__copy > .voyage-module__J5otmG__systemFootprint > p > a:nth-child(3)",
    +         ],
    +       },
    +       Object {
    +         "all": Array [],
    +         "any": Array [
    +           Object {
    +             "data": Object {
    +               "height": 10.5,
    +               "minSize": 24,
    +               "width": 63,
    +             },
    +             "id": "target-size",
    +             "impact": "serious",
    +             "message": "Target has insufficient size (63px by 10.5px, should be at least 24px by 24px)",
    +             "relatedNodes": Array [],
    +           },
    +           Object {
    +             "data": Object {
    +               "closestOffset": 15.6,
    +               "minOffset": 24,
    +             },
    +             "id": "target-offset",
    +             "impact": "serious",
    +             "message": "Target has insufficient space to its closest neighbors. Safe clickable space has a diameter of 15.6px instead of at least 24px.",
    +             "relatedNodes": Array [
    +               Object {
    +                 "html": "<a href=\"https://arxiv.org/pdf/2409.00067v3#page=14\">Luna (Moon)</a>",
    +                 "target": Array [
    +                   "#s1 > .voyage-module__J5otmG__copy > .voyage-module__J5otmG__systemFootprint > p > a:nth-child(1)",
    +                 ],
    +               },
    +             ],
    +           },
    +         ],
    +         "failureSummary": "Fix any of the following:
    +   Target has insufficient size (63px by 10.5px, should be at least 24px by 24px)
    +   Target has insufficient space to its closest neighbors. Safe clickable space has a diameter of 15.6px instead of at least 24px.",
    +         "html": "<a href=\"https://arxiv.org/pdf/2409.00067v3#page=17\">Asteroid mining</a>",
    +         "impact": "serious",
    +         "none": Array [],
    +         "target": Array [
    +           "#s1 > .voyage-module__J5otmG__copy > .voyage-module__J5otmG__systemFootprint > small > a:nth-child(1)",
    +         ],
    +       },
    +       Object {
    +         "all": Array [],
    +         "any": Array [
    +           Object {
    +             "data": Object {
    +               "height": 10.5,
    +               "minSize": 24,
    +               "width": 100.8,
    +             },
    +             "id": "target-size",
    +             "impact": "serious",
    +             "message": "Target has insufficient size (100.8px by 10.5px, should be at least 24px by 24px)",
    +             "relatedNodes": Array [],
    +           },
    +           Object {
    +             "data": Object {
    +               "closestOffset": 16.6,
    +               "minOffset": 24,
    +             },
    +             "id": "target-offset",
    +             "impact": "serious",
    +             "message": "Target has insufficient space to its closest neighbors. Safe clickable space has a diameter of 16.6px instead of at least 24px.",
    +             "relatedNodes": Array [
    +               Object {
    +                 "html": "<a href=\"https://arxiv.org/pdf/2409.00067v3#page=14\">Venus</a>",
    +                 "target": Array [
    +                   "#s1 > .voyage-module__J5otmG__copy > .voyage-module__J5otmG__systemFootprint > p > a:nth-child(3)",
    +                 ],
    +               },
    +             ],
    +           },
    +         ],
    +         "failureSummary": "Fix any of the following:
    +   Target has insufficient size (100.8px by 10.5px, should be at least 24px by 24px)
    +   Target has insufficient space to its closest neighbors. Safe clickable space has a diameter of 16.6px instead of at least 24px.",
    +         "html": "<a href=\"https://arxiv.org/pdf/2409.00067v3#page=17\">Outer planet settlements</a>",
    +         "impact": "serious",
    +         "none": Array [],
    +         "target": Array [
    +           "#s1 > .voyage-module__J5otmG__copy > .voyage-module__J5otmG__systemFootprint > small > a:nth-child(2)",
    +         ],
    +       },
    +       Object {
    +         "all": Array [],
    +         "any": Array [
    +           Object {
    +             "data": Object {
    +               "height": 15,
    +               "minSize": 24,
    +               "width": 66,
    +             },
    +             "id": "target-size",
    +             "impact": "serious",
    +             "message": "Target has insufficient size (66px by 15px, should be at least 24px by 24px)",
    +             "relatedNodes": Array [],
    +           },
    +           Object {
    +             "data": Object {
    +               "closestOffset": 15.6,
    +               "minOffset": 24,
    +             },
    +             "id": "target-offset",
    +             "impact": "serious",
    +             "message": "Target has insufficient space to its closest neighbors. Safe clickable space has a diameter of 15.6px instead of at least 24px.",
    +             "relatedNodes": Array [
    +               Object {
    +                 "html": "<a href=\"https://arxiv.org/pdf/2409.00067v3#page=17\">Asteroid mining</a>",
    +                 "target": Array [
    +                   "#s2 > .voyage-module__J5otmG__copy > .voyage-module__J5otmG__systemFootprint > small > a",
    +                 ],
    +               },
    +             ],
    +           },
    +         ],
    +         "failureSummary": "Fix any of the following:
    +   Target has insufficient size (66px by 15px, should be at least 24px by 24px)
    +   Target has insufficient space to its closest neighbors. Safe clickable space has a diameter of 15.6px instead of at least 24px.",
    +         "html": "<a href=\"https://arxiv.org/pdf/2409.00067v3#page=14\">Luna (Moon)</a>",
    +         "impact": "serious",
    +         "none": Array [],
    +         "target": Array [
    +           "#s2 > .voyage-module__J5otmG__copy > .voyage-module__J5otmG__systemFootprint > p > a:nth-child(1)",
    +         ],
    +       },
    +       Object {
    +         "all": Array [],
    +         "any": Array [
    +           Object {
    +             "data": Object {
    +               "height": 10.5,
    +               "minSize": 24,
    +               "width": 63,
    +             },
    +             "id": "target-size",
    +             "impact": "serious",
    +             "message": "Target has insufficient size (63px by 10.5px, should be at least 24px by 24px)",
    +             "relatedNodes": Array [],
    +           },
    +           Object {
    +             "data": Object {
    +               "closestOffset": 15.6,
    +               "minOffset": 24,
    +             },
    +             "id": "target-offset",
    +             "impact": "serious",
    +             "message": "Target has insufficient space to its closest neighbors. Safe clickable space has a diameter of 15.6px instead of at least 24px.",
    +             "relatedNodes": Array [
    +               Object {
    +                 "html": "<a href=\"https://arxiv.org/pdf/2409.00067v3#page=14\">Luna (Moon)</a>",
    +                 "target": Array [
    +                   "#s2 > .voyage-module__J5otmG__copy > .voyage-module__J5otmG__systemFootprint > p > a:nth-child(1)",
    +                 ],
    +               },
    +             ],
    +           },
    +         ],
    +         "failureSummary": "Fix any of the following:
    +   Target has insufficient size (63px by 10.5px, should be at least 24px by 24px)
    +   Target has insufficient space to its closest neighbors. Safe clickable space has a diameter of 15.6px instead of at least 24px.",
    +         "html": "<a href=\"https://arxiv.org/pdf/2409.00067v3#page=17\">Asteroid mining</a>",
    +         "impact": "serious",
    +         "none": Array [],
    +         "target": Array [
    +           "#s2 > .voyage-module__J5otmG__copy > .voyage-module__J5otmG__systemFootprint > small > a",
    +         ],
    +       },
    +       Object {
    +         "all": Array [],
    +         "any": Array [
    +           Object {
    +             "data": Object {
    +               "height": 15,
    +               "minSize": 24,
    +               "width": 66,
    +             },
    +             "id": "target-size",
    +             "impact": "serious",
    +             "message": "Target has insufficient size (66px by 15px, should be at least 24px by 24px)",
    +             "relatedNodes": Array [],
    +           },
    +           Object {
    +             "data": Object {
    +               "closestOffset": 15.6,
    +               "minOffset": 24,
    +             },
    +             "id": "target-offset",
    +             "impact": "serious",
    +             "message": "Target has insufficient space to its closest neighbors. Safe clickable space has a diameter of 15.6px instead of at least 24px.",
    +             "relatedNodes": Array [
    +               Object {
    +                 "html": "<a href=\"https://arxiv.org/pdf/2409.00067v3#page=17\">Asteroid mining</a>",
    +                 "target": Array [
    +                   "#s3 > .voyage-module__J5otmG__copy > .voyage-module__J5otmG__systemFootprint > small > a:nth-child(1)",
    +                 ],
    +               },
    +             ],
    +           },
    +         ],
    +         "failureSummary": "Fix any of the following:
    +   Target has insufficient size (66px by 15px, should be at least 24px by 24px)
    +   Target has insufficient space to its closest neighbors. Safe clickable space has a diameter of 15.6px instead of at least 24px.",
    +         "html": "<a href=\"https://arxiv.org/pdf/2409.00067v3#page=14\">Luna (Moon)</a>",
    +         "impact": "serious",
    +         "none": Array [],
    +         "target": Array [
    +           "#s3 > .voyage-module__J5otmG__copy > .voyage-module__J5otmG__systemFootprint > p > a:nth-child(1)",
    +         ],
    +       },
    +       Object {
    +         "all": Array [],
    +         "any": Array [
    +           Object {
    +             "data": Object {
    +               "height": 10.5,
    +               "minSize": 24,
    +               "width": 63,
    +             },
    +             "id": "target-size",
    +             "impact": "serious",
    +             "message": "Target has insufficient size (63px by 10.5px, should be at least 24px by 24px)",
    +             "relatedNodes": Array [],
    +           },
    +           Object {
    +             "data": Object {
    +               "closestOffset": 15.6,
    +               "minOffset": 24,
    +             },
    +             "id": "target-offset",
    +             "impact": "serious",
    +             "message": "Target has insufficient space to its closest neighbors. Safe clickable space has a diameter of 15.6px instead of at least 24px.",
    +             "relatedNodes": Array [
    +               Object {
    +                 "html": "<a href=\"https://arxiv.org/pdf/2409.00067v3#page=14\">Luna (Moon)</a>",
    +                 "target": Array [
    +                   "#s3 > .voyage-module__J5otmG__copy > .voyage-module__J5otmG__systemFootprint > p > a:nth-child(1)",
    +                 ],
    +               },
    +             ],
    +           },
    +         ],
    +         "failureSummary": "Fix any of the following:
    +   Target has insufficient size (63px by 10.5px, should be at least 24px by 24px)
    +   Target has insufficient space to its closest neighbors. Safe clickable space has a diameter of 15.6px instead of at least 24px.",
    +         "html": "<a href=\"https://arxiv.org/pdf/2409.00067v3#page=17\">Asteroid mining</a>",
    +         "impact": "serious",
    +         "none": Array [],
    +         "target": Array [
    +           "#s3 > .voyage-module__J5otmG__copy > .voyage-module__J5otmG__systemFootprint > small > a:nth-child(1)",
    +         ],
    +       },
    +       Object {
    +         "all": Array [],
    +         "any": Array [
    +           Object {
    +             "data": Object {
    +               "height": 15,
    +               "minSize": 24,
    +               "width": 66,
    +             },
    +             "id": "target-size",
    +             "impact": "serious",
    +             "message": "Target has insufficient size (66px by 15px, should be at least 24px by 24px)",
    +             "relatedNodes": Array [],
    +           },
    +           Object {
    +             "data": Object {
    +               "closestOffset": 15.6,
    +               "minOffset": 24,
    +             },
    +             "id": "target-offset",
    +             "impact": "serious",
    +             "message": "Target has insufficient space to its closest neighbors. Safe clickable space has a diameter of 15.6px instead of at least 24px.",
    +             "relatedNodes": Array [
    +               Object {
    +                 "html": "<a href=\"https://arxiv.org/pdf/2409.00067v3#page=17\">Asteroid mining</a>",
    +                 "target": Array [
    +                   "#s5 > .voyage-module__J5otmG__copy > .voyage-module__J5otmG__systemFootprint > small > a:nth-child(1)",
    +                 ],
    +               },
    +             ],
    +           },
    +         ],
    +         "failureSummary": "Fix any of the following:
    +   Target has insufficient size (66px by 15px, should be at least 24px by 24px)
    +   Target has insufficient space to its closest neighbors. Safe clickable space has a diameter of 15.6px instead of at least 24px.",
    +         "html": "<a href=\"https://arxiv.org/pdf/2409.00067v3#page=14\">Luna (Moon)</a>",
    +         "impact": "serious",
    +         "none": Array [],
    +         "target": Array [
    +           "#s5 > .voyage-module__J5otmG__copy > .voyage-module__J5otmG__systemFootprint > p > a:nth-child(1)",
    +         ],
    +       },
    +       Object {
    +         "all": Array [],
    +         "any": Array [
    +           Object {
    +             "data": Object {
    +               "height": 15,
    +               "minSize": 24,
    +               "width": 30,
    +             },
    +             "id": "target-size",
    +             "impact": "serious",
    +             "message": "Target has insufficient size (30px by 15px, should be at least 24px by 24px)",
    +             "relatedNodes": Array [],
    +           },
    +           Object {
    +             "data": Object {
    +               "closestOffset": 16.6,
    +               "minOffset": 24,
    +             },
    +             "id": "target-offset",
    +             "impact": "serious",
    +             "message": "Target has insufficient space to its closest neighbors. Safe clickable space has a diameter of 16.6px instead of at least 24px.",
    +             "relatedNodes": Array [
    +               Object {
    +                 "html": "<a href=\"https://arxiv.org/pdf/2409.00067v3#page=17\">Outer planet settlements</a>",
    +                 "target": Array [
    +                   "#s5 > .voyage-module__J5otmG__copy > .voyage-module__J5otmG__systemFootprint > small > a:nth-child(2)",
    +                 ],
    +               },
    +             ],
    +           },
    +         ],
    +         "failureSummary": "Fix any of the following:
    +   Target has insufficient size (30px by 15px, should be at least 24px by 24px)
    +   Target has insufficient space to its closest neighbors. Safe clickable space has a diameter of 16.6px instead of at least 24px.",
    +         "html": "<a href=\"https://arxiv.org/pdf/2409.00067v3#page=14\">Venus</a>",
    +         "impact": "serious",
    +         "none": Array [],
    +         "target": Array [
    +           "#s5 > .voyage-module__J5otmG__copy > .voyage-module__J5otmG__systemFootprint > p > a:nth-child(3)",
    +         ],
    +       },
    +       Object {
    +         "all": Array [],
    +         "any": Array [
    +           Object {
    +             "data": Object {
    +               "height": 10.5,
    +               "minSize": 24,
    +               "width": 63,
    +             },
    +             "id": "target-size",
    +             "impact": "serious",
    +             "message": "Target has insufficient size (63px by 10.5px, should be at least 24px by 24px)",
    +             "relatedNodes": Array [],
    +           },
    +           Object {
    +             "data": Object {
    +               "closestOffset": 15.6,
    +               "minOffset": 24,
    +             },
    +             "id": "target-offset",
    +             "impact": "serious",
    +             "message": "Target has insufficient space to its closest neighbors. Safe clickable space has a diameter of 15.6px instead of at least 24px.",
    +             "relatedNodes": Array [
    +               Object {
    +                 "html": "<a href=\"https://arxiv.org/pdf/2409.00067v3#page=14\">Luna (Moon)</a>",
    +                 "target": Array [
    +                   "#s5 > .voyage-module__J5otmG__copy > .voyage-module__J5otmG__systemFootprint > p > a:nth-child(1)",
    +                 ],
    +               },
    +             ],
    +           },
    +         ],
    +         "failureSummary": "Fix any of the following:
    +   Target has insufficient size (63px by 10.5px, should be at least 24px by 24px)
    +   Target has insufficient space to its closest neighbors. Safe clickable space has a diameter of 15.6px instead of at least 24px.",
    +         "html": "<a href=\"https://arxiv.org/pdf/2409.00067v3#page=17\">Asteroid mining</a>",
    +         "impact": "serious",
    +         "none": Array [],
    +         "target": Array [
    +           "#s5 > .voyage-module__J5otmG__copy > .voyage-module__J5otmG__systemFootprint > small > a:nth-child(1)",
    +         ],
    +       },
    +       Object {
    +         "all": Array [],
    +         "any": Array [
    +           Object {
    +             "data": Object {
    +               "height": 10.5,
    +               "minSize": 24,
    +               "width": 100.8,
    +             },
    +             "id": "target-size",
    +             "impact": "serious",
    +             "message": "Target has insufficient size (100.8px by 10.5px, should be at least 24px by 24px)",
    +             "relatedNodes": Array [],
    +           },
    +           Object {
    +             "data": Object {
    +               "closestOffset": 16.6,
    +               "minOffset": 24,
    +             },
    +             "id": "target-offset",
    +             "impact": "serious",
    +             "message": "Target has insufficient space to its closest neighbors. Safe clickable space has a diameter of 16.6px instead of at least 24px.",
    +             "relatedNodes": Array [
    +               Object {
    +                 "html": "<a href=\"https://arxiv.org/pdf/2409.00067v3#page=14\">Venus</a>",
    +                 "target": Array [
    +                   "#s5 > .voyage-module__J5otmG__copy > .voyage-module__J5otmG__systemFootprint > p > a:nth-child(3)",
    +                 ],
    +               },
    +             ],
    +           },
    +         ],
    +         "failureSummary": "Fix any of the following:
    +   Target has insufficient size (100.8px by 10.5px, should be at least 24px by 24px)
    +   Target has insufficient space to its closest neighbors. Safe clickable space has a diameter of 16.6px instead of at least 24px.",
    +         "html": "<a href=\"https://arxiv.org/pdf/2409.00067v3#page=17\">Outer planet settlements</a>",
    +         "impact": "serious",
    +         "none": Array [],
    +         "target": Array [
    +           "#s5 > .voyage-module__J5otmG__copy > .voyage-module__J5otmG__systemFootprint > small > a:nth-child(2)",
    +         ],
    +       },
    +       Object {
    +         "all": Array [],
    +         "any": Array [
    +           Object {
    +             "data": Object {
    +               "height": 15,
    +               "minSize": 24,
    +               "width": 66,
    +             },
    +             "id": "target-size",
    +             "impact": "serious",
    +             "message": "Target has insufficient size (66px by 15px, should be at least 24px by 24px)",
    +             "relatedNodes": Array [],
    +           },
    +           Object {
    +             "data": Object {
    +               "closestOffset": 15.6,
    +               "minOffset": 24,
    +             },
    +             "id": "target-offset",
    +             "impact": "serious",
    +             "message": "Target has insufficient space to its closest neighbors. Safe clickable space has a diameter of 15.6px instead of at least 24px.",
    +             "relatedNodes": Array [
    +               Object {
    +                 "html": "<a href=\"https://arxiv.org/pdf/2409.00067v3#page=17\">Asteroid mining</a>",
    +                 "target": Array [
    +                   "#s6 > .voyage-module__J5otmG__copy > .voyage-module__J5otmG__systemFootprint > small > a:nth-child(1)",
    +                 ],
    +               },
    +             ],
    +           },
    +         ],
    +         "failureSummary": "Fix any of the following:
    +   Target has insufficient size (66px by 15px, should be at least 24px by 24px)
    +   Target has insufficient space to its closest neighbors. Safe clickable space has a diameter of 15.6px instead of at least 24px.",
    +         "html": "<a href=\"https://arxiv.org/pdf/2409.00067v3#page=14\">Luna (Moon)</a>",
    +         "impact": "serious",
    +         "none": Array [],
    +         "target": Array [
    +           "#s6 > .voyage-module__J5otmG__copy > .voyage-module__J5otmG__systemFootprint > p > a:nth-child(1)",
    +         ],
    +       },
    +       Object {
    +         "all": Array [],
    +         "any": Array [
    +           Object {
    +             "data": Object {
    +               "height": 10.5,
    +               "minSize": 24,
    +               "width": 63,
    +             },
    +             "id": "target-size",
    +             "impact": "serious",
    +             "message": "Target has insufficient size (63px by 10.5px, should be at least 24px by 24px)",
    +             "relatedNodes": Array [],
    +           },
    +           Object {
    +             "data": Object {
    +               "closestOffset": 15.6,
    +               "minOffset": 24,
    +             },
    +             "id": "target-offset",
    +             "impact": "serious",
    +             "message": "Target has insufficient space to its closest neighbors. Safe clickable space has a diameter of 15.6px instead of at least 24px.",
    +             "relatedNodes": Array [
    +               Object {
    +                 "html": "<a href=\"https://arxiv.org/pdf/2409.00067v3#page=14\">Luna (Moon)</a>",
    +                 "target": Array [
    +                   "#s6 > .voyage-module__J5otmG__copy > .voyage-module__J5otmG__systemFootprint > p > a:nth-child(1)",
    +                 ],
    +               },
    +             ],
    +           },
    +         ],
    +         "failureSummary": "Fix any of the following:
    +   Target has insufficient size (63px by 10.5px, should be at least 24px by 24px)
    +   Target has insufficient space to its closest neighbors. Safe clickable space has a diameter of 15.6px instead of at least 24px.",
    +         "html": "<a href=\"https://arxiv.org/pdf/2409.00067v3#page=17\">Asteroid mining</a>",
    +         "impact": "serious",
    +         "none": Array [],
    +         "target": Array [
    +           "#s6 > .voyage-module__J5otmG__copy > .voyage-module__J5otmG__systemFootprint > small > a:nth-child(1)",
    +         ],
    +       },
    +       Object {
    +         "all": Array [],
    +         "any": Array [
    +           Object {
    +             "data": Object {
    +               "height": 15,
    +               "minSize": 24,
    +               "width": 66,
    +             },
    +             "id": "target-size",
    +             "impact": "serious",
    +             "message": "Target has insufficient size (66px by 15px, should be at least 24px by 24px)",
    +             "relatedNodes": Array [],
    +           },
    +           Object {
    +             "data": Object {
    +               "closestOffset": 15.6,
    +               "minOffset": 24,
    +             },
    +             "id": "target-offset",
    +             "impact": "serious",
    +             "message": "Target has insufficient space to its closest neighbors. Safe clickable space has a diameter of 15.6px instead of at least 24px.",
    +             "relatedNodes": Array [
    +               Object {
    +                 "html": "<a href=\"https://arxiv.org/pdf/2409.00067v3#page=17\">Asteroid mining</a>",
    +                 "target": Array [
    +                   "#s9 > .voyage-module__J5otmG__copy > .voyage-module__J5otmG__systemFootprint > small > a:nth-child(1)",
    +                 ],
    +               },
    +             ],
    +           },
    +         ],
    +         "failureSummary": "Fix any of the following:
    +   Target has insufficient size (66px by 15px, should be at least 24px by 24px)
    +   Target has insufficient space to its closest neighbors. Safe clickable space has a diameter of 15.6px instead of at least 24px.",
    +         "html": "<a href=\"https://arxiv.org/pdf/2409.00067v3#page=14\">Luna (Moon)</a>",
    +         "impact": "serious",
    +         "none": Array [],
    +         "target": Array [
    +           "#s9 > .voyage-module__J5otmG__copy > .voyage-module__J5otmG__systemFootprint > p > a:nth-child(1)",
    +         ],
    +       },
    +       Object {
    +         "all": Array [],
    +         "any": Array [
    +           Object {
    +             "data": Object {
    +               "height": 15,
    +               "minSize": 24,
    +               "width": 30,
    +             },
    +             "id": "target-size",
    +             "impact": "serious",
    +             "message": "Target has insufficient size (30px by 15px, should be at least 24px by 24px)",
    +             "relatedNodes": Array [],
    +           },
    +           Object {
    +             "data": Object {
    +               "closestOffset": 16.6,
    +               "minOffset": 24,
    +             },
    +             "id": "target-offset",
    +             "impact": "serious",
    +             "message": "Target has insufficient space to its closest neighbors. Safe clickable space has a diameter of 16.6px instead of at least 24px.",
    +             "relatedNodes": Array [
    +               Object {
    +                 "html": "<a href=\"https://arxiv.org/pdf/2409.00067v3#page=17\">Outer planet settlements</a>",
    +                 "target": Array [
    +                   "#s9 > .voyage-module__J5otmG__copy > .voyage-module__J5otmG__systemFootprint > small > a:nth-child(2)",
    +                 ],
    +               },
    +             ],
    +           },
    +         ],
    +         "failureSummary": "Fix any of the following:
    +   Target has insufficient size (30px by 15px, should be at least 24px by 24px)
    +   Target has insufficient space to its closest neighbors. Safe clickable space has a diameter of 16.6px instead of at least 24px.",
    +         "html": "<a href=\"https://arxiv.org/pdf/2409.00067v3#page=14\">Venus</a>",
    +         "impact": "serious",
    +         "none": Array [],
    +         "target": Array [
    +           "#s9 > .voyage-module__J5otmG__copy > .voyage-module__J5otmG__systemFootprint > p > a:nth-child(3)",
    +         ],
    +       },
    +       Object {
    +         "all": Array [],
    +         "any": Array [
    +           Object {
    +             "data": Object {
    +               "height": 10.5,
    +               "minSize": 24,
    +               "width": 63,
    +             },
    +             "id": "target-size",
    +             "impact": "serious",
    +             "message": "Target has insufficient size (63px by 10.5px, should be at least 24px by 24px)",
    +             "relatedNodes": Array [],
    +           },
    +           Object {
    +             "data": Object {
    +               "closestOffset": 15.6,
    +               "minOffset": 24,
    +             },
    +             "id": "target-offset",
    +             "impact": "serious",
    +             "message": "Target has insufficient space to its closest neighbors. Safe clickable space has a diameter of 15.6px instead of at least 24px.",
    +             "relatedNodes": Array [
    +               Object {
    +                 "html": "<a href=\"https://arxiv.org/pdf/2409.00067v3#page=14\">Luna (Moon)</a>",
    +                 "target": Array [
    +                   "#s9 > .voyage-module__J5otmG__copy > .voyage-module__J5otmG__systemFootprint > p > a:nth-child(1)",
    +                 ],
    +               },
    +             ],
    +           },
    +         ],
    +         "failureSummary": "Fix any of the following:
    +   Target has insufficient size (63px by 10.5px, should be at least 24px by 24px)
    +   Target has insufficient space to its closest neighbors. Safe clickable space has a diameter of 15.6px instead of at least 24px.",
    +         "html": "<a href=\"https://arxiv.org/pdf/2409.00067v3#page=17\">Asteroid mining</a>",
    +         "impact": "serious",
    +         "none": Array [],
    +         "target": Array [
    +           "#s9 > .voyage-module__J5otmG__copy > .voyage-module__J5otmG__systemFootprint > small > a:nth-child(1)",
    +         ],
    +       },
    +       Object {
    +         "all": Array [],
    +         "any": Array [
    +           Object {
    +             "data": Object {
    +               "height": 10.5,
    +               "minSize": 24,
    +               "width": 100.8,
    +             },
    +             "id": "target-size",
    +             "impact": "serious",
    +             "message": "Target has insufficient size (100.8px by 10.5px, should be at least 24px by 24px)",
    +             "relatedNodes": Array [],
    +           },
    +           Object {
    +             "data": Object {
    +               "closestOffset": 16.6,
    +               "minOffset": 24,
    +             },
    +             "id": "target-offset",
    +             "impact": "serious",
    +             "message": "Target has insufficient space to its closest neighbors. Safe clickable space has a diameter of 16.6px instead of at least 24px.",
    +             "relatedNodes": Array [
    +               Object {
    +                 "html": "<a href=\"https://arxiv.org/pdf/2409.00067v3#page=14\">Venus</a>",
    +                 "target": Array [
    +                   "#s9 > .voyage-module__J5otmG__copy > .voyage-module__J5otmG__systemFootprint > p > a:nth-child(3)",
    +                 ],
    +               },
    +             ],
    +           },
    +         ],
    +         "failureSummary": "Fix any of the following:
    +   Target has insufficient size (100.8px by 10.5px, should be at least 24px by 24px)
    +   Target has insufficient space to its closest neighbors. Safe clickable space has a diameter of 16.6px instead of at least 24px.",
    +         "html": "<a href=\"https://arxiv.org/pdf/2409.00067v3#page=17\">Outer planet settlements</a>",
    +         "impact": "serious",
    +         "none": Array [],
    +         "target": Array [
    +           "#s9 > .voyage-module__J5otmG__copy > .voyage-module__J5otmG__systemFootprint > small > a:nth-child(2)",
    +         ],
    +       },
    +       Object {
    +         "all": Array [],
    +         "any": Array [
    +           Object {
    +             "data": Object {
    +               "height": 15,
    +               "minSize": 24,
    +               "width": 66,
    +             },
    +             "id": "target-size",
    +             "impact": "serious",
    +             "message": "Target has insufficient size (66px by 15px, should be at least 24px by 24px)",
    +             "relatedNodes": Array [],
    +           },
    +           Object {
    +             "data": Object {
    +               "closestOffset": 15.6,
    +               "minOffset": 24,
    +             },
    +             "id": "target-offset",
    +             "impact": "serious",
    +             "message": "Target has insufficient space to its closest neighbors. Safe clickable space has a diameter of 15.6px instead of at least 24px.",
    +             "relatedNodes": Array [
    +               Object {
    +                 "html": "<a href=\"https://arxiv.org/pdf/2409.00067v3#page=17\">Asteroid mining</a>",
    +                 "target": Array [
    +                   "#s10 > .voyage-module__J5otmG__copy > .voyage-module__J5otmG__systemFootprint > small > a:nth-child(1)",
    +                 ],
    +               },
    +             ],
    +           },
    +         ],
    +         "failureSummary": "Fix any of the following:
    +   Target has insufficient size (66px by 15px, should be at least 24px by 24px)
    +   Target has insufficient space to its closest neighbors. Safe clickable space has a diameter of 15.6px instead of at least 24px.",
    +         "html": "<a href=\"https://arxiv.org/pdf/2409.00067v3#page=14\">Luna (Moon)</a>",
    +         "impact": "serious",
    +         "none": Array [],
    +         "target": Array [
    +           "#s10 > .voyage-module__J5otmG__copy > .voyage-module__J5otmG__systemFootprint > p > a:nth-child(1)",
    +         ],
    +       },
    +       Object {
    +         "all": Array [],
    +         "any": Array [
    +           Object {
    +             "data": Object {
    +               "height": 15,
    +               "minSize": 24,
    +               "width": 30,
    +             },
    +             "id": "target-size",
    +             "impact": "serious",
    +             "message": "Target has insufficient size (30px by 15px, should be at least 24px by 24px)",
    +             "relatedNodes": Array [],
    +           },
    +           Object {
    +             "data": Object {
    +               "closestOffset": 16.6,
    +               "minOffset": 24,
    +             },
    +             "id": "target-offset",
    +             "impact": "serious",
    +             "message": "Target has insufficient space to its closest neighbors. Safe clickable space has a diameter of 16.6px instead of at least 24px.",
    +             "relatedNodes": Array [
    +               Object {
    +                 "html": "<a href=\"https://arxiv.org/pdf/2409.00067v3#page=17\">Outer planet settlements</a>",
    +                 "target": Array [
    +                   "#s10 > .voyage-module__J5otmG__copy > .voyage-module__J5otmG__systemFootprint > small > a:nth-child(2)",
    +                 ],
    +               },
    +             ],
    +           },
    +         ],
    +         "failureSummary": "Fix any of the following:
    +   Target has insufficient size (30px by 15px, should be at least 24px by 24px)
    +   Target has insufficient space to its closest neighbors. Safe clickable space has a diameter of 16.6px instead of at least 24px.",
    +         "html": "<a href=\"https://arxiv.org/pdf/2409.00067v3#page=14\">Venus</a>",
    +         "impact": "serious",
    +         "none": Array [],
    +         "target": Array [
    +           "#s10 > .voyage-module__J5otmG__copy > .voyage-module__J5otmG__systemFootprint > p > a:nth-child(3)",
    +         ],
    +       },
    +       Object {
    +         "all": Array [],
    +         "any": Array [
    +           Object {
    +             "data": Object {
    +               "height": 10.5,
    +               "minSize": 24,
    +               "width": 63,
    +             },
    +             "id": "target-size",
    +             "impact": "serious",
    +             "message": "Target has insufficient size (63px by 10.5px, should be at least 24px by 24px)",
    +             "relatedNodes": Array [],
    +           },
    +           Object {
    +             "data": Object {
    +               "closestOffset": 15.6,
    +               "minOffset": 24,
    +             },
    +             "id": "target-offset",
    +             "impact": "serious",
    +             "message": "Target has insufficient space to its closest neighbors. Safe clickable space has a diameter of 15.6px instead of at least 24px.",
    +             "relatedNodes": Array [
    +               Object {
    +                 "html": "<a href=\"https://arxiv.org/pdf/2409.00067v3#page=14\">Luna (Moon)</a>",
    +                 "target": Array [
    +                   "#s10 > .voyage-module__J5otmG__copy > .voyage-module__J5otmG__systemFootprint > p > a:nth-child(1)",
    +                 ],
    +               },
    +             ],
    +           },
    +         ],
    +         "failureSummary": "Fix any of the following:
    +   Target has insufficient size (63px by 10.5px, should be at least 24px by 24px)
    +   Target has insufficient space to its closest neighbors. Safe clickable space has a diameter of 15.6px instead of at least 24px.",
    +         "html": "<a href=\"https://arxiv.org/pdf/2409.00067v3#page=17\">Asteroid mining</a>",
    +         "impact": "serious",
    +         "none": Array [],
    +         "target": Array [
    +           "#s10 > .voyage-module__J5otmG__copy > .voyage-module__J5otmG__systemFootprint > small > a:nth-child(1)",
    +         ],
    +       },
    +       Object {
    +         "all": Array [],
    +         "any": Array [
    +           Object {
    +             "data": Object {
    +               "height": 10.5,
    +               "minSize": 24,
    +               "width": 100.8,
    +             },
    +             "id": "target-size",
    +             "impact": "serious",
    +             "message": "Target has insufficient size (100.8px by 10.5px, should be at least 24px by 24px)",
    +             "relatedNodes": Array [],
    +           },
    +           Object {
    +             "data": Object {
    +               "closestOffset": 16.6,
    +               "minOffset": 24,
    +             },
    +             "id": "target-offset",
    +             "impact": "serious",
    +             "message": "Target has insufficient space to its closest neighbors. Safe clickable space has a diameter of 16.6px instead of at least 24px.",
    +             "relatedNodes": Array [
    +               Object {
    +                 "html": "<a href=\"https://arxiv.org/pdf/2409.00067v3#page=14\">Venus</a>",
    +                 "target": Array [
    +                   "#s10 > .voyage-module__J5otmG__copy > .voyage-module__J5otmG__systemFootprint > p > a:nth-child(3)",
    +                 ],
    +               },
    +             ],
    +           },
    +         ],
    +         "failureSummary": "Fix any of the following:
    +   Target has insufficient size (100.8px by 10.5px, should be at least 24px by 24px)
    +   Target has insufficient space to its closest neighbors. Safe clickable space has a diameter of 16.6px instead of at least 24px.",
    +         "html": "<a href=\"https://arxiv.org/pdf/2409.00067v3#page=17\">Outer planet settlements</a>",
    +         "impact": "serious",
    +         "none": Array [],
    +         "target": Array [
    +           "#s10 > .voyage-module__J5otmG__copy > .voyage-module__J5otmG__systemFootprint > small > a:nth-child(2)",
    +         ],
    +       },
    +     ],
    +     "tags": Array [
    +       "cat.sensory-and-visual-cues",
    +       "wcag22aa",
    +       "wcag258",
    +     ],
    +   },
    + ]

      57 |   const results = await analyzeStablePage(page);
      58 |
    > 59 |   expect(results.violations).toEqual([]);
         |                              ^
      60 | });
      61 |
      62 | test('/ reading mode is entered and axe-scanned as the complete article', async ({ page }) => {
        at /Users/ceron/Developer/Projects/janus-observatory/apps/web/e2e/accessibility.spec.ts:59:30

    attachment #1: screenshot (image/png) ──────────────────────────────────────────────────────────
    test-results/accessibility--guided-mode-37e3b-ctable-WCAG-A-AA-violations-firefox/test-failed-1.png
    ────────────────────────────────────────────────────────────────────────────────────────────────

    attachment #2: video (video/webm) ──────────────────────────────────────────────────────────────
    test-results/accessibility--guided-mode-37e3b-ctable-WCAG-A-AA-violations-firefox/video-1.webm
    ────────────────────────────────────────────────────────────────────────────────────────────────

    attachment #3: video (video/webm) ──────────────────────────────────────────────────────────────
    test-results/accessibility--guided-mode-37e3b-ctable-WCAG-A-AA-violations-firefox/video.webm
    ────────────────────────────────────────────────────────────────────────────────────────────────

    Error Context: test-results/accessibility--guided-mode-37e3b-ctable-WCAG-A-AA-violations-firefox/error-context.md

    attachment #5: trace (application/zip) ─────────────────────────────────────────────────────────
    test-results/accessibility--guided-mode-37e3b-ctable-WCAG-A-AA-violations-firefox/trace.zip
    Usage:

        pnpm exec playwright show-trace test-results/accessibility--guided-mode-37e3b-ctable-WCAG-A-AA-violations-firefox/trace.zip

    ────────────────────────────────────────────────────────────────────────────────────────────────

  4) [firefox] › apps/web/e2e/accessibility.spec.ts:62:5 › / reading mode is entered and axe-scanned as the complete article 

    Error: expect(received).toEqual(expected) // deep equality

    - Expected  -   1
    + Received  + 940

    - Array []
    + Array [
    +   Object {
    +     "description": "Ensure touch targets have sufficient size and space",
    +     "help": "All touch targets must be 24px large, or leave sufficient space",
    +     "helpUrl": "https://dequeuniversity.com/rules/axe/4.13/target-size?application=playwright",
    +     "id": "target-size",
    +     "impact": "serious",
    +     "nodes": Array [
    +       Object {
    +         "all": Array [],
    +         "any": Array [
    +           Object {
    +             "data": Object {
    +               "height": 15,
    +               "minSize": 24,
    +               "width": 66,
    +             },
    +             "id": "target-size",
    +             "impact": "serious",
    +             "message": "Target has insufficient size (66px by 15px, should be at least 24px by 24px)",
    +             "relatedNodes": Array [],
    +           },
    +           Object {
    +             "data": Object {
    +               "closestOffset": 15.6,
    +               "minOffset": 24,
    +             },
    +             "id": "target-offset",
    +             "impact": "serious",
    +             "message": "Target has insufficient space to its closest neighbors. Safe clickable space has a diameter of 15.6px instead of at least 24px.",
    +             "relatedNodes": Array [
    +               Object {
    +                 "html": "<a href=\"https://arxiv.org/pdf/2409.00067v3#page=17\">Asteroid mining</a>",
    +                 "target": Array [
    +                   "#s1 > .voyage-module__J5otmG__copy > .voyage-module__J5otmG__systemFootprint > small > a:nth-child(1)",
    +                 ],
    +               },
    +             ],
    +           },
    +         ],
    +         "failureSummary": "Fix any of the following:
    +   Target has insufficient size (66px by 15px, should be at least 24px by 24px)
    +   Target has insufficient space to its closest neighbors. Safe clickable space has a diameter of 15.6px instead of at least 24px.",
    +         "html": "<a href=\"https://arxiv.org/pdf/2409.00067v3#page=14\">Luna (Moon)</a>",
    +         "impact": "serious",
    +         "none": Array [],
    +         "target": Array [
    +           "#s1 > .voyage-module__J5otmG__copy > .voyage-module__J5otmG__systemFootprint > p > a:nth-child(1)",
    +         ],
    +       },
    +       Object {
    +         "all": Array [],
    +         "any": Array [
    +           Object {
    +             "data": Object {
    +               "height": 15,
    +               "minSize": 24,
    +               "width": 30,
    +             },
    +             "id": "target-size",
    +             "impact": "serious",
    +             "message": "Target has insufficient size (30px by 15px, should be at least 24px by 24px)",
    +             "relatedNodes": Array [],
    +           },
    +           Object {
    +             "data": Object {
    +               "closestOffset": 16.6,
    +               "minOffset": 24,
    +             },
    +             "id": "target-offset",
    +             "impact": "serious",
    +             "message": "Target has insufficient space to its closest neighbors. Safe clickable space has a diameter of 16.6px instead of at least 24px.",
    +             "relatedNodes": Array [
    +               Object {
    +                 "html": "<a href=\"https://arxiv.org/pdf/2409.00067v3#page=17\">Outer planet settlements</a>",
    +                 "target": Array [
    +                   "#s1 > .voyage-module__J5otmG__copy > .voyage-module__J5otmG__systemFootprint > small > a:nth-child(2)",
    +                 ],
    +               },
    +             ],
    +           },
    +         ],
    +         "failureSummary": "Fix any of the following:
    +   Target has insufficient size (30px by 15px, should be at least 24px by 24px)
    +   Target has insufficient space to its closest neighbors. Safe clickable space has a diameter of 16.6px instead of at least 24px.",
    +         "html": "<a href=\"https://arxiv.org/pdf/2409.00067v3#page=14\">Venus</a>",
    +         "impact": "serious",
    +         "none": Array [],
    +         "target": Array [
    +           "#s1 > .voyage-module__J5otmG__copy > .voyage-module__J5otmG__systemFootprint > p > a:nth-child(3)",
    +         ],
    +       },
    +       Object {
    +         "all": Array [],
    +         "any": Array [
    +           Object {
    +             "data": Object {
    +               "height": 10.5,
    +               "minSize": 24,
    +               "width": 63,
    +             },
    +             "id": "target-size",
    +             "impact": "serious",
    +             "message": "Target has insufficient size (63px by 10.5px, should be at least 24px by 24px)",
    +             "relatedNodes": Array [],
    +           },
    +           Object {
    +             "data": Object {
    +               "closestOffset": 15.6,
    +               "minOffset": 24,
    +             },
    +             "id": "target-offset",
    +             "impact": "serious",
    +             "message": "Target has insufficient space to its closest neighbors. Safe clickable space has a diameter of 15.6px instead of at least 24px.",
    +             "relatedNodes": Array [
    +               Object {
    +                 "html": "<a href=\"https://arxiv.org/pdf/2409.00067v3#page=14\">Luna (Moon)</a>",
    +                 "target": Array [
    +                   "#s1 > .voyage-module__J5otmG__copy > .voyage-module__J5otmG__systemFootprint > p > a:nth-child(1)",
    +                 ],
    +               },
    +             ],
    +           },
    +         ],
    +         "failureSummary": "Fix any of the following:
    +   Target has insufficient size (63px by 10.5px, should be at least 24px by 24px)
    +   Target has insufficient space to its closest neighbors. Safe clickable space has a diameter of 15.6px instead of at least 24px.",
    +         "html": "<a href=\"https://arxiv.org/pdf/2409.00067v3#page=17\">Asteroid mining</a>",
    +         "impact": "serious",
    +         "none": Array [],
    +         "target": Array [
    +           "#s1 > .voyage-module__J5otmG__copy > .voyage-module__J5otmG__systemFootprint > small > a:nth-child(1)",
    +         ],
    +       },
    +       Object {
    +         "all": Array [],
    +         "any": Array [
    +           Object {
    +             "data": Object {
    +               "height": 10.5,
    +               "minSize": 24,
    +               "width": 100.8,
    +             },
    +             "id": "target-size",
    +             "impact": "serious",
    +             "message": "Target has insufficient size (100.8px by 10.5px, should be at least 24px by 24px)",
    +             "relatedNodes": Array [],
    +           },
    +           Object {
    +             "data": Object {
    +               "closestOffset": 16.6,
    +               "minOffset": 24,
    +             },
    +             "id": "target-offset",
    +             "impact": "serious",
    +             "message": "Target has insufficient space to its closest neighbors. Safe clickable space has a diameter of 16.6px instead of at least 24px.",
    +             "relatedNodes": Array [
    +               Object {
    +                 "html": "<a href=\"https://arxiv.org/pdf/2409.00067v3#page=14\">Venus</a>",
    +                 "target": Array [
    +                   "#s1 > .voyage-module__J5otmG__copy > .voyage-module__J5otmG__systemFootprint > p > a:nth-child(3)",
    +                 ],
    +               },
    +             ],
    +           },
    +         ],
    +         "failureSummary": "Fix any of the following:
    +   Target has insufficient size (100.8px by 10.5px, should be at least 24px by 24px)
    +   Target has insufficient space to its closest neighbors. Safe clickable space has a diameter of 16.6px instead of at least 24px.",
    +         "html": "<a href=\"https://arxiv.org/pdf/2409.00067v3#page=17\">Outer planet settlements</a>",
    +         "impact": "serious",
    +         "none": Array [],
    +         "target": Array [
    +           "#s1 > .voyage-module__J5otmG__copy > .voyage-module__J5otmG__systemFootprint > small > a:nth-child(2)",
    +         ],
    +       },
    +       Object {
    +         "all": Array [],
    +         "any": Array [
    +           Object {
    +             "data": Object {
    +               "height": 15,
    +               "minSize": 24,
    +               "width": 66,
    +             },
    +             "id": "target-size",
    +             "impact": "serious",
    +             "message": "Target has insufficient size (66px by 15px, should be at least 24px by 24px)",
    +             "relatedNodes": Array [],
    +           },
    +           Object {
    +             "data": Object {
    +               "closestOffset": 15.6,
    +               "minOffset": 24,
    +             },
    +             "id": "target-offset",
    +             "impact": "serious",
    +             "message": "Target has insufficient space to its closest neighbors. Safe clickable space has a diameter of 15.6px instead of at least 24px.",
    +             "relatedNodes": Array [
    +               Object {
    +                 "html": "<a href=\"https://arxiv.org/pdf/2409.00067v3#page=17\">Asteroid mining</a>",
    +                 "target": Array [
    +                   "#s2 > .voyage-module__J5otmG__copy > .voyage-module__J5otmG__systemFootprint > small > a",
    +                 ],
    +               },
    +             ],
    +           },
    +         ],
    +         "failureSummary": "Fix any of the following:
    +   Target has insufficient size (66px by 15px, should be at least 24px by 24px)
    +   Target has insufficient space to its closest neighbors. Safe clickable space has a diameter of 15.6px instead of at least 24px.",
    +         "html": "<a href=\"https://arxiv.org/pdf/2409.00067v3#page=14\">Luna (Moon)</a>",
    +         "impact": "serious",
    +         "none": Array [],
    +         "target": Array [
    +           "#s2 > .voyage-module__J5otmG__copy > .voyage-module__J5otmG__systemFootprint > p > a:nth-child(1)",
    +         ],
    +       },
    +       Object {
    +         "all": Array [],
    +         "any": Array [
    +           Object {
    +             "data": Object {
    +               "height": 10.5,
    +               "minSize": 24,
    +               "width": 63,
    +             },
    +             "id": "target-size",
    +             "impact": "serious",
    +             "message": "Target has insufficient size (63px by 10.5px, should be at least 24px by 24px)",
    +             "relatedNodes": Array [],
    +           },
    +           Object {
    +             "data": Object {
    +               "closestOffset": 15.6,
    +               "minOffset": 24,
    +             },
    +             "id": "target-offset",
    +             "impact": "serious",
    +             "message": "Target has insufficient space to its closest neighbors. Safe clickable space has a diameter of 15.6px instead of at least 24px.",
    +             "relatedNodes": Array [
    +               Object {
    +                 "html": "<a href=\"https://arxiv.org/pdf/2409.00067v3#page=14\">Luna (Moon)</a>",
    +                 "target": Array [
    +                   "#s2 > .voyage-module__J5otmG__copy > .voyage-module__J5otmG__systemFootprint > p > a:nth-child(1)",
    +                 ],
    +               },
    +             ],
    +           },
    +         ],
    +         "failureSummary": "Fix any of the following:
    +   Target has insufficient size (63px by 10.5px, should be at least 24px by 24px)
    +   Target has insufficient space to its closest neighbors. Safe clickable space has a diameter of 15.6px instead of at least 24px.",
    +         "html": "<a href=\"https://arxiv.org/pdf/2409.00067v3#page=17\">Asteroid mining</a>",
    +         "impact": "serious",
    +         "none": Array [],
    +         "target": Array [
    +           "#s2 > .voyage-module__J5otmG__copy > .voyage-module__J5otmG__systemFootprint > small > a",
    +         ],
    +       },
    +       Object {
    +         "all": Array [],
    +         "any": Array [
    +           Object {
    +             "data": Object {
    +               "height": 15,
    +               "minSize": 24,
    +               "width": 66,
    +             },
    +             "id": "target-size",
    +             "impact": "serious",
    +             "message": "Target has insufficient size (66px by 15px, should be at least 24px by 24px)",
    +             "relatedNodes": Array [],
    +           },
    +           Object {
    +             "data": Object {
    +               "closestOffset": 15.6,
    +               "minOffset": 24,
    +             },
    +             "id": "target-offset",
    +             "impact": "serious",
    +             "message": "Target has insufficient space to its closest neighbors. Safe clickable space has a diameter of 15.6px instead of at least 24px.",
    +             "relatedNodes": Array [
    +               Object {
    +                 "html": "<a href=\"https://arxiv.org/pdf/2409.00067v3#page=17\">Asteroid mining</a>",
    +                 "target": Array [
    +                   "#s3 > .voyage-module__J5otmG__copy > .voyage-module__J5otmG__systemFootprint > small > a:nth-child(1)",
    +                 ],
    +               },
    +             ],
    +           },
    +         ],
    +         "failureSummary": "Fix any of the following:
    +   Target has insufficient size (66px by 15px, should be at least 24px by 24px)
    +   Target has insufficient space to its closest neighbors. Safe clickable space has a diameter of 15.6px instead of at least 24px.",
    +         "html": "<a href=\"https://arxiv.org/pdf/2409.00067v3#page=14\">Luna (Moon)</a>",
    +         "impact": "serious",
    +         "none": Array [],
    +         "target": Array [
    +           "#s3 > .voyage-module__J5otmG__copy > .voyage-module__J5otmG__systemFootprint > p > a:nth-child(1)",
    +         ],
    +       },
    +       Object {
    +         "all": Array [],
    +         "any": Array [
    +           Object {
    +             "data": Object {
    +               "height": 10.5,
    +               "minSize": 24,
    +               "width": 63,
    +             },
    +             "id": "target-size",
    +             "impact": "serious",
    +             "message": "Target has insufficient size (63px by 10.5px, should be at least 24px by 24px)",
    +             "relatedNodes": Array [],
    +           },
    +           Object {
    +             "data": Object {
    +               "closestOffset": 15.6,
    +               "minOffset": 24,
    +             },
    +             "id": "target-offset",
    +             "impact": "serious",
    +             "message": "Target has insufficient space to its closest neighbors. Safe clickable space has a diameter of 15.6px instead of at least 24px.",
    +             "relatedNodes": Array [
    +               Object {
    +                 "html": "<a href=\"https://arxiv.org/pdf/2409.00067v3#page=14\">Luna (Moon)</a>",
    +                 "target": Array [
    +                   "#s3 > .voyage-module__J5otmG__copy > .voyage-module__J5otmG__systemFootprint > p > a:nth-child(1)",
    +                 ],
    +               },
    +             ],
    +           },
    +         ],
    +         "failureSummary": "Fix any of the following:
    +   Target has insufficient size (63px by 10.5px, should be at least 24px by 24px)
    +   Target has insufficient space to its closest neighbors. Safe clickable space has a diameter of 15.6px instead of at least 24px.",
    +         "html": "<a href=\"https://arxiv.org/pdf/2409.00067v3#page=17\">Asteroid mining</a>",
    +         "impact": "serious",
    +         "none": Array [],
    +         "target": Array [
    +           "#s3 > .voyage-module__J5otmG__copy > .voyage-module__J5otmG__systemFootprint > small > a:nth-child(1)",
    +         ],
    +       },
    +       Object {
    +         "all": Array [],
    +         "any": Array [
    +           Object {
    +             "data": Object {
    +               "height": 15,
    +               "minSize": 24,
    +               "width": 66,
    +             },
    +             "id": "target-size",
    +             "impact": "serious",
    +             "message": "Target has insufficient size (66px by 15px, should be at least 24px by 24px)",
    +             "relatedNodes": Array [],
    +           },
    +           Object {
    +             "data": Object {
    +               "closestOffset": 15.6,
    +               "minOffset": 24,
    +             },
    +             "id": "target-offset",
    +             "impact": "serious",
    +             "message": "Target has insufficient space to its closest neighbors. Safe clickable space has a diameter of 15.6px instead of at least 24px.",
    +             "relatedNodes": Array [
    +               Object {
    +                 "html": "<a href=\"https://arxiv.org/pdf/2409.00067v3#page=17\">Asteroid mining</a>",
    +                 "target": Array [
    +                   "#s5 > .voyage-module__J5otmG__copy > .voyage-module__J5otmG__systemFootprint > small > a:nth-child(1)",
    +                 ],
    +               },
    +             ],
    +           },
    +         ],
    +         "failureSummary": "Fix any of the following:
    +   Target has insufficient size (66px by 15px, should be at least 24px by 24px)
    +   Target has insufficient space to its closest neighbors. Safe clickable space has a diameter of 15.6px instead of at least 24px.",
    +         "html": "<a href=\"https://arxiv.org/pdf/2409.00067v3#page=14\">Luna (Moon)</a>",
    +         "impact": "serious",
    +         "none": Array [],
    +         "target": Array [
    +           "#s5 > .voyage-module__J5otmG__copy > .voyage-module__J5otmG__systemFootprint > p > a:nth-child(1)",
    +         ],
    +       },
    +       Object {
    +         "all": Array [],
    +         "any": Array [
    +           Object {
    +             "data": Object {
    +               "height": 15,
    +               "minSize": 24,
    +               "width": 30,
    +             },
    +             "id": "target-size",
    +             "impact": "serious",
    +             "message": "Target has insufficient size (30px by 15px, should be at least 24px by 24px)",
    +             "relatedNodes": Array [],
    +           },
    +           Object {
    +             "data": Object {
    +               "closestOffset": 16.6,
    +               "minOffset": 24,
    +             },
    +             "id": "target-offset",
    +             "impact": "serious",
    +             "message": "Target has insufficient space to its closest neighbors. Safe clickable space has a diameter of 16.6px instead of at least 24px.",
    +             "relatedNodes": Array [
    +               Object {
    +                 "html": "<a href=\"https://arxiv.org/pdf/2409.00067v3#page=17\">Outer planet settlements</a>",
    +                 "target": Array [
    +                   "#s5 > .voyage-module__J5otmG__copy > .voyage-module__J5otmG__systemFootprint > small > a:nth-child(2)",
    +                 ],
    +               },
    +             ],
    +           },
    +         ],
    +         "failureSummary": "Fix any of the following:
    +   Target has insufficient size (30px by 15px, should be at least 24px by 24px)
    +   Target has insufficient space to its closest neighbors. Safe clickable space has a diameter of 16.6px instead of at least 24px.",
    +         "html": "<a href=\"https://arxiv.org/pdf/2409.00067v3#page=14\">Venus</a>",
    +         "impact": "serious",
    +         "none": Array [],
    +         "target": Array [
    +           "#s5 > .voyage-module__J5otmG__copy > .voyage-module__J5otmG__systemFootprint > p > a:nth-child(3)",
    +         ],
    +       },
    +       Object {
    +         "all": Array [],
    +         "any": Array [
    +           Object {
    +             "data": Object {
    +               "height": 10.5,
    +               "minSize": 24,
    +               "width": 63,
    +             },
    +             "id": "target-size",
    +             "impact": "serious",
    +             "message": "Target has insufficient size (63px by 10.5px, should be at least 24px by 24px)",
    +             "relatedNodes": Array [],
    +           },
    +           Object {
    +             "data": Object {
    +               "closestOffset": 15.6,
    +               "minOffset": 24,
    +             },
    +             "id": "target-offset",
    +             "impact": "serious",
    +             "message": "Target has insufficient space to its closest neighbors. Safe clickable space has a diameter of 15.6px instead of at least 24px.",
    +             "relatedNodes": Array [
    +               Object {
    +                 "html": "<a href=\"https://arxiv.org/pdf/2409.00067v3#page=14\">Luna (Moon)</a>",
    +                 "target": Array [
    +                   "#s5 > .voyage-module__J5otmG__copy > .voyage-module__J5otmG__systemFootprint > p > a:nth-child(1)",
    +                 ],
    +               },
    +             ],
    +           },
    +         ],
    +         "failureSummary": "Fix any of the following:
    +   Target has insufficient size (63px by 10.5px, should be at least 24px by 24px)
    +   Target has insufficient space to its closest neighbors. Safe clickable space has a diameter of 15.6px instead of at least 24px.",
    +         "html": "<a href=\"https://arxiv.org/pdf/2409.00067v3#page=17\">Asteroid mining</a>",
    +         "impact": "serious",
    +         "none": Array [],
    +         "target": Array [
    +           "#s5 > .voyage-module__J5otmG__copy > .voyage-module__J5otmG__systemFootprint > small > a:nth-child(1)",
    +         ],
    +       },
    +       Object {
    +         "all": Array [],
    +         "any": Array [
    +           Object {
    +             "data": Object {
    +               "height": 10.5,
    +               "minSize": 24,
    +               "width": 100.8,
    +             },
    +             "id": "target-size",
    +             "impact": "serious",
    +             "message": "Target has insufficient size (100.8px by 10.5px, should be at least 24px by 24px)",
    +             "relatedNodes": Array [],
    +           },
    +           Object {
    +             "data": Object {
    +               "closestOffset": 16.6,
    +               "minOffset": 24,
    +             },
    +             "id": "target-offset",
    +             "impact": "serious",
    +             "message": "Target has insufficient space to its closest neighbors. Safe clickable space has a diameter of 16.6px instead of at least 24px.",
    +             "relatedNodes": Array [
    +               Object {
    +                 "html": "<a href=\"https://arxiv.org/pdf/2409.00067v3#page=14\">Venus</a>",
    +                 "target": Array [
    +                   "#s5 > .voyage-module__J5otmG__copy > .voyage-module__J5otmG__systemFootprint > p > a:nth-child(3)",
    +                 ],
    +               },
    +             ],
    +           },
    +         ],
    +         "failureSummary": "Fix any of the following:
    +   Target has insufficient size (100.8px by 10.5px, should be at least 24px by 24px)
    +   Target has insufficient space to its closest neighbors. Safe clickable space has a diameter of 16.6px instead of at least 24px.",
    +         "html": "<a href=\"https://arxiv.org/pdf/2409.00067v3#page=17\">Outer planet settlements</a>",
    +         "impact": "serious",
    +         "none": Array [],
    +         "target": Array [
    +           "#s5 > .voyage-module__J5otmG__copy > .voyage-module__J5otmG__systemFootprint > small > a:nth-child(2)",
    +         ],
    +       },
    +       Object {
    +         "all": Array [],
    +         "any": Array [
    +           Object {
    +             "data": Object {
    +               "height": 15,
    +               "minSize": 24,
    +               "width": 66,
    +             },
    +             "id": "target-size",
    +             "impact": "serious",
    +             "message": "Target has insufficient size (66px by 15px, should be at least 24px by 24px)",
    +             "relatedNodes": Array [],
    +           },
    +           Object {
    +             "data": Object {
    +               "closestOffset": 15.6,
    +               "minOffset": 24,
    +             },
    +             "id": "target-offset",
    +             "impact": "serious",
    +             "message": "Target has insufficient space to its closest neighbors. Safe clickable space has a diameter of 15.6px instead of at least 24px.",
    +             "relatedNodes": Array [
    +               Object {
    +                 "html": "<a href=\"https://arxiv.org/pdf/2409.00067v3#page=17\">Asteroid mining</a>",
    +                 "target": Array [
    +                   "#s6 > .voyage-module__J5otmG__copy > .voyage-module__J5otmG__systemFootprint > small > a:nth-child(1)",
    +                 ],
    +               },
    +             ],
    +           },
    +         ],
    +         "failureSummary": "Fix any of the following:
    +   Target has insufficient size (66px by 15px, should be at least 24px by 24px)
    +   Target has insufficient space to its closest neighbors. Safe clickable space has a diameter of 15.6px instead of at least 24px.",
    +         "html": "<a href=\"https://arxiv.org/pdf/2409.00067v3#page=14\">Luna (Moon)</a>",
    +         "impact": "serious",
    +         "none": Array [],
    +         "target": Array [
    +           "#s6 > .voyage-module__J5otmG__copy > .voyage-module__J5otmG__systemFootprint > p > a:nth-child(1)",
    +         ],
    +       },
    +       Object {
    +         "all": Array [],
    +         "any": Array [
    +           Object {
    +             "data": Object {
    +               "height": 10.5,
    +               "minSize": 24,
    +               "width": 63,
    +             },
    +             "id": "target-size",
    +             "impact": "serious",
    +             "message": "Target has insufficient size (63px by 10.5px, should be at least 24px by 24px)",
    +             "relatedNodes": Array [],
    +           },
    +           Object {
    +             "data": Object {
    +               "closestOffset": 15.6,
    +               "minOffset": 24,
    +             },
    +             "id": "target-offset",
    +             "impact": "serious",
    +             "message": "Target has insufficient space to its closest neighbors. Safe clickable space has a diameter of 15.6px instead of at least 24px.",
    +             "relatedNodes": Array [
    +               Object {
    +                 "html": "<a href=\"https://arxiv.org/pdf/2409.00067v3#page=14\">Luna (Moon)</a>",
    +                 "target": Array [
    +                   "#s6 > .voyage-module__J5otmG__copy > .voyage-module__J5otmG__systemFootprint > p > a:nth-child(1)",
    +                 ],
    +               },
    +             ],
    +           },
    +         ],
    +         "failureSummary": "Fix any of the following:
    +   Target has insufficient size (63px by 10.5px, should be at least 24px by 24px)
    +   Target has insufficient space to its closest neighbors. Safe clickable space has a diameter of 15.6px instead of at least 24px.",
    +         "html": "<a href=\"https://arxiv.org/pdf/2409.00067v3#page=17\">Asteroid mining</a>",
    +         "impact": "serious",
    +         "none": Array [],
    +         "target": Array [
    +           "#s6 > .voyage-module__J5otmG__copy > .voyage-module__J5otmG__systemFootprint > small > a:nth-child(1)",
    +         ],
    +       },
    +       Object {
    +         "all": Array [],
    +         "any": Array [
    +           Object {
    +             "data": Object {
    +               "height": 15,
    +               "minSize": 24,
    +               "width": 66,
    +             },
    +             "id": "target-size",
    +             "impact": "serious",
    +             "message": "Target has insufficient size (66px by 15px, should be at least 24px by 24px)",
    +             "relatedNodes": Array [],
    +           },
    +           Object {
    +             "data": Object {
    +               "closestOffset": 15.6,
    +               "minOffset": 24,
    +             },
    +             "id": "target-offset",
    +             "impact": "serious",
    +             "message": "Target has insufficient space to its closest neighbors. Safe clickable space has a diameter of 15.6px instead of at least 24px.",
    +             "relatedNodes": Array [
    +               Object {
    +                 "html": "<a href=\"https://arxiv.org/pdf/2409.00067v3#page=17\">Asteroid mining</a>",
    +                 "target": Array [
    +                   "#s9 > .voyage-module__J5otmG__copy > .voyage-module__J5otmG__systemFootprint > small > a:nth-child(1)",
    +                 ],
    +               },
    +             ],
    +           },
    +         ],
    +         "failureSummary": "Fix any of the following:
    +   Target has insufficient size (66px by 15px, should be at least 24px by 24px)
    +   Target has insufficient space to its closest neighbors. Safe clickable space has a diameter of 15.6px instead of at least 24px.",
    +         "html": "<a href=\"https://arxiv.org/pdf/2409.00067v3#page=14\">Luna (Moon)</a>",
    +         "impact": "serious",
    +         "none": Array [],
    +         "target": Array [
    +           "#s9 > .voyage-module__J5otmG__copy > .voyage-module__J5otmG__systemFootprint > p > a:nth-child(1)",
    +         ],
    +       },
    +       Object {
    +         "all": Array [],
    +         "any": Array [
    +           Object {
    +             "data": Object {
    +               "height": 15,
    +               "minSize": 24,
    +               "width": 30,
    +             },
    +             "id": "target-size",
    +             "impact": "serious",
    +             "message": "Target has insufficient size (30px by 15px, should be at least 24px by 24px)",
    +             "relatedNodes": Array [],
    +           },
    +           Object {
    +             "data": Object {
    +               "closestOffset": 16.6,
    +               "minOffset": 24,
    +             },
    +             "id": "target-offset",
    +             "impact": "serious",
    +             "message": "Target has insufficient space to its closest neighbors. Safe clickable space has a diameter of 16.6px instead of at least 24px.",
    +             "relatedNodes": Array [
    +               Object {
    +                 "html": "<a href=\"https://arxiv.org/pdf/2409.00067v3#page=17\">Outer planet settlements</a>",
    +                 "target": Array [
    +                   "#s9 > .voyage-module__J5otmG__copy > .voyage-module__J5otmG__systemFootprint > small > a:nth-child(2)",
    +                 ],
    +               },
    +             ],
    +           },
    +         ],
    +         "failureSummary": "Fix any of the following:
    +   Target has insufficient size (30px by 15px, should be at least 24px by 24px)
    +   Target has insufficient space to its closest neighbors. Safe clickable space has a diameter of 16.6px instead of at least 24px.",
    +         "html": "<a href=\"https://arxiv.org/pdf/2409.00067v3#page=14\">Venus</a>",
    +         "impact": "serious",
    +         "none": Array [],
    +         "target": Array [
    +           "#s9 > .voyage-module__J5otmG__copy > .voyage-module__J5otmG__systemFootprint > p > a:nth-child(3)",
    +         ],
    +       },
    +       Object {
    +         "all": Array [],
    +         "any": Array [
    +           Object {
    +             "data": Object {
    +               "height": 10.5,
    +               "minSize": 24,
    +               "width": 63,
    +             },
    +             "id": "target-size",
    +             "impact": "serious",
    +             "message": "Target has insufficient size (63px by 10.5px, should be at least 24px by 24px)",
    +             "relatedNodes": Array [],
    +           },
    +           Object {
    +             "data": Object {
    +               "closestOffset": 15.6,
    +               "minOffset": 24,
    +             },
    +             "id": "target-offset",
    +             "impact": "serious",
    +             "message": "Target has insufficient space to its closest neighbors. Safe clickable space has a diameter of 15.6px instead of at least 24px.",
    +             "relatedNodes": Array [
    +               Object {
    +                 "html": "<a href=\"https://arxiv.org/pdf/2409.00067v3#page=14\">Luna (Moon)</a>",
    +                 "target": Array [
    +                   "#s9 > .voyage-module__J5otmG__copy > .voyage-module__J5otmG__systemFootprint > p > a:nth-child(1)",
    +                 ],
    +               },
    +             ],
    +           },
    +         ],
    +         "failureSummary": "Fix any of the following:
    +   Target has insufficient size (63px by 10.5px, should be at least 24px by 24px)
    +   Target has insufficient space to its closest neighbors. Safe clickable space has a diameter of 15.6px instead of at least 24px.",
    +         "html": "<a href=\"https://arxiv.org/pdf/2409.00067v3#page=17\">Asteroid mining</a>",
    +         "impact": "serious",
    +         "none": Array [],
    +         "target": Array [
    +           "#s9 > .voyage-module__J5otmG__copy > .voyage-module__J5otmG__systemFootprint > small > a:nth-child(1)",
    +         ],
    +       },
    +       Object {
    +         "all": Array [],
    +         "any": Array [
    +           Object {
    +             "data": Object {
    +               "height": 10.5,
    +               "minSize": 24,
    +               "width": 100.8,
    +             },
    +             "id": "target-size",
    +             "impact": "serious",
    +             "message": "Target has insufficient size (100.8px by 10.5px, should be at least 24px by 24px)",
    +             "relatedNodes": Array [],
    +           },
    +           Object {
    +             "data": Object {
    +               "closestOffset": 16.6,
    +               "minOffset": 24,
    +             },
    +             "id": "target-offset",
    +             "impact": "serious",
    +             "message": "Target has insufficient space to its closest neighbors. Safe clickable space has a diameter of 16.6px instead of at least 24px.",
    +             "relatedNodes": Array [
    +               Object {
    +                 "html": "<a href=\"https://arxiv.org/pdf/2409.00067v3#page=14\">Venus</a>",
    +                 "target": Array [
    +                   "#s9 > .voyage-module__J5otmG__copy > .voyage-module__J5otmG__systemFootprint > p > a:nth-child(3)",
    +                 ],
    +               },
    +             ],
    +           },
    +         ],
    +         "failureSummary": "Fix any of the following:
    +   Target has insufficient size (100.8px by 10.5px, should be at least 24px by 24px)
    +   Target has insufficient space to its closest neighbors. Safe clickable space has a diameter of 16.6px instead of at least 24px.",
    +         "html": "<a href=\"https://arxiv.org/pdf/2409.00067v3#page=17\">Outer planet settlements</a>",
    +         "impact": "serious",
    +         "none": Array [],
    +         "target": Array [
    +           "#s9 > .voyage-module__J5otmG__copy > .voyage-module__J5otmG__systemFootprint > small > a:nth-child(2)",
    +         ],
    +       },
    +       Object {
    +         "all": Array [],
    +         "any": Array [
    +           Object {
    +             "data": Object {
    +               "height": 15,
    +               "minSize": 24,
    +               "width": 66,
    +             },
    +             "id": "target-size",
    +             "impact": "serious",
    +             "message": "Target has insufficient size (66px by 15px, should be at least 24px by 24px)",
    +             "relatedNodes": Array [],
    +           },
    +           Object {
    +             "data": Object {
    +               "closestOffset": 15.6,
    +               "minOffset": 24,
    +             },
    +             "id": "target-offset",
    +             "impact": "serious",
    +             "message": "Target has insufficient space to its closest neighbors. Safe clickable space has a diameter of 15.6px instead of at least 24px.",
    +             "relatedNodes": Array [
    +               Object {
    +                 "html": "<a href=\"https://arxiv.org/pdf/2409.00067v3#page=17\">Asteroid mining</a>",
    +                 "target": Array [
    +                   "#s10 > .voyage-module__J5otmG__copy > .voyage-module__J5otmG__systemFootprint > small > a:nth-child(1)",
    +                 ],
    +               },
    +             ],
    +           },
    +         ],
    +         "failureSummary": "Fix any of the following:
    +   Target has insufficient size (66px by 15px, should be at least 24px by 24px)
    +   Target has insufficient space to its closest neighbors. Safe clickable space has a diameter of 15.6px instead of at least 24px.",
    +         "html": "<a href=\"https://arxiv.org/pdf/2409.00067v3#page=14\">Luna (Moon)</a>",
    +         "impact": "serious",
    +         "none": Array [],
    +         "target": Array [
    +           "#s10 > .voyage-module__J5otmG__copy > .voyage-module__J5otmG__systemFootprint > p > a:nth-child(1)",
    +         ],
    +       },
    +       Object {
    +         "all": Array [],
    +         "any": Array [
    +           Object {
    +             "data": Object {
    +               "height": 15,
    +               "minSize": 24,
    +               "width": 30,
    +             },
    +             "id": "target-size",
    +             "impact": "serious",
    +             "message": "Target has insufficient size (30px by 15px, should be at least 24px by 24px)",
    +             "relatedNodes": Array [],
    +           },
    +           Object {
    +             "data": Object {
    +               "closestOffset": 16.6,
    +               "minOffset": 24,
    +             },
    +             "id": "target-offset",
    +             "impact": "serious",
    +             "message": "Target has insufficient space to its closest neighbors. Safe clickable space has a diameter of 16.6px instead of at least 24px.",
    +             "relatedNodes": Array [
    +               Object {
    +                 "html": "<a href=\"https://arxiv.org/pdf/2409.00067v3#page=17\">Outer planet settlements</a>",
    +                 "target": Array [
    +                   "#s10 > .voyage-module__J5otmG__copy > .voyage-module__J5otmG__systemFootprint > small > a:nth-child(2)",
    +                 ],
    +               },
    +             ],
    +           },
    +         ],
    +         "failureSummary": "Fix any of the following:
    +   Target has insufficient size (30px by 15px, should be at least 24px by 24px)
    +   Target has insufficient space to its closest neighbors. Safe clickable space has a diameter of 16.6px instead of at least 24px.",
    +         "html": "<a href=\"https://arxiv.org/pdf/2409.00067v3#page=14\">Venus</a>",
    +         "impact": "serious",
    +         "none": Array [],
    +         "target": Array [
    +           "#s10 > .voyage-module__J5otmG__copy > .voyage-module__J5otmG__systemFootprint > p > a:nth-child(3)",
    +         ],
    +       },
    +       Object {
    +         "all": Array [],
    +         "any": Array [
    +           Object {
    +             "data": Object {
    +               "height": 10.5,
    +               "minSize": 24,
    +               "width": 63,
    +             },
    +             "id": "target-size",
    +             "impact": "serious",
    +             "message": "Target has insufficient size (63px by 10.5px, should be at least 24px by 24px)",
    +             "relatedNodes": Array [],
    +           },
    +           Object {
    +             "data": Object {
    +               "closestOffset": 15.6,
    +               "minOffset": 24,
    +             },
    +             "id": "target-offset",
    +             "impact": "serious",
    +             "message": "Target has insufficient space to its closest neighbors. Safe clickable space has a diameter of 15.6px instead of at least 24px.",
    +             "relatedNodes": Array [
    +               Object {
    +                 "html": "<a href=\"https://arxiv.org/pdf/2409.00067v3#page=14\">Luna (Moon)</a>",
    +                 "target": Array [
    +                   "#s10 > .voyage-module__J5otmG__copy > .voyage-module__J5otmG__systemFootprint > p > a:nth-child(1)",
    +                 ],
    +               },
    +             ],
    +           },
    +         ],
    +         "failureSummary": "Fix any of the following:
    +   Target has insufficient size (63px by 10.5px, should be at least 24px by 24px)
    +   Target has insufficient space to its closest neighbors. Safe clickable space has a diameter of 15.6px instead of at least 24px.",
    +         "html": "<a href=\"https://arxiv.org/pdf/2409.00067v3#page=17\">Asteroid mining</a>",
    +         "impact": "serious",
    +         "none": Array [],
    +         "target": Array [
    +           "#s10 > .voyage-module__J5otmG__copy > .voyage-module__J5otmG__systemFootprint > small > a:nth-child(1)",
    +         ],
    +       },
    +       Object {
    +         "all": Array [],
    +         "any": Array [
    +           Object {
    +             "data": Object {
    +               "height": 10.5,
    +               "minSize": 24,
    +               "width": 100.8,
    +             },
    +             "id": "target-size",
    +             "impact": "serious",
    +             "message": "Target has insufficient size (100.8px by 10.5px, should be at least 24px by 24px)",
    +             "relatedNodes": Array [],
    +           },
    +           Object {
    +             "data": Object {
    +               "closestOffset": 16.6,
    +               "minOffset": 24,
    +             },
    +             "id": "target-offset",
    +             "impact": "serious",
    +             "message": "Target has insufficient space to its closest neighbors. Safe clickable space has a diameter of 16.6px instead of at least 24px.",
    +             "relatedNodes": Array [
    +               Object {
    +                 "html": "<a href=\"https://arxiv.org/pdf/2409.00067v3#page=14\">Venus</a>",
    +                 "target": Array [
    +                   "#s10 > .voyage-module__J5otmG__copy > .voyage-module__J5otmG__systemFootprint > p > a:nth-child(3)",
    +                 ],
    +               },
    +             ],
    +           },
    +         ],
    +         "failureSummary": "Fix any of the following:
    +   Target has insufficient size (100.8px by 10.5px, should be at least 24px by 24px)
    +   Target has insufficient space to its closest neighbors. Safe clickable space has a diameter of 16.6px instead of at least 24px.",
    +         "html": "<a href=\"https://arxiv.org/pdf/2409.00067v3#page=17\">Outer planet settlements</a>",
    +         "impact": "serious",
    +         "none": Array [],
    +         "target": Array [
    +           "#s10 > .voyage-module__J5otmG__copy > .voyage-module__J5otmG__systemFootprint > small > a:nth-child(2)",
    +         ],
    +       },
    +     ],
    +     "tags": Array [
    +       "cat.sensory-and-visual-cues",
    +       "wcag22aa",
    +       "wcag258",
    +     ],
    +   },
    + ]

      72 |   const results = await analyzeStablePage(page);
      73 |
    > 74 |   expect(results.violations).toEqual([]);
         |                              ^
      75 | });
      76 |
        at /Users/ceron/Developer/Projects/janus-observatory/apps/web/e2e/accessibility.spec.ts:74:30

    attachment #1: screenshot (image/png) ──────────────────────────────────────────────────────────
    test-results/accessibility--reading-mod-a983e-ned-as-the-complete-article-firefox/test-failed-1.png
    ────────────────────────────────────────────────────────────────────────────────────────────────

    attachment #2: video (video/webm) ──────────────────────────────────────────────────────────────
    test-results/accessibility--reading-mod-a983e-ned-as-the-complete-article-firefox/video-1.webm
    ────────────────────────────────────────────────────────────────────────────────────────────────

    attachment #3: video (video/webm) ──────────────────────────────────────────────────────────────
    test-results/accessibility--reading-mod-a983e-ned-as-the-complete-article-firefox/video.webm
    ────────────────────────────────────────────────────────────────────────────────────────────────

    Error Context: test-results/accessibility--reading-mod-a983e-ned-as-the-complete-article-firefox/error-context.md

    attachment #5: trace (application/zip) ─────────────────────────────────────────────────────────
    test-results/accessibility--reading-mod-a983e-ned-as-the-complete-article-firefox/trace.zip
    Usage:

        pnpm exec playwright show-trace test-results/accessibility--reading-mod-a983e-ned-as-the-complete-article-firefox/trace.zip

    ────────────────────────────────────────────────────────────────────────────────────────────────

  5) [firefox] › apps/web/e2e/explorers.spec.ts:114:7 › Atlas analytical controls › switches among sourced analytical dimensions without ranking scenarios 

    Test was interrupted.

    Error: locator.click: Test ended.
    Call log:
      - waiting for getByRole('region', { name: 'One dimension at a time.' }).getByRole('button', { name: 'Observing matrix', exact: true })


      127 |       const control = analysis.getByRole('button', { name: metric, exact: true });
      128 |       await expect(control).toBeVisible();
    > 129 |       await control.click();
          |                     ^
      130 |       await expect(control).toHaveAttribute('aria-pressed', 'true');
      131 |       await expect(analysis.getByRole('heading', { name: output })).toBeVisible();
      132 |     }
        at /Users/ceron/Developer/Projects/janus-observatory/apps/web/e2e/explorers.spec.ts:129:21

    attachment #1: screenshot (image/png) ──────────────────────────────────────────────────────────
    test-results/explorers-Atlas-analytical-8b2ed-s-without-ranking-scenarios-firefox/test-failed-1.png
    ────────────────────────────────────────────────────────────────────────────────────────────────

    attachment #2: video (video/webm) ──────────────────────────────────────────────────────────────
    test-results/explorers-Atlas-analytical-8b2ed-s-without-ranking-scenarios-firefox/video.webm
    ────────────────────────────────────────────────────────────────────────────────────────────────

    Error Context: test-results/explorers-Atlas-analytical-8b2ed-s-without-ranking-scenarios-firefox/error-context.md

    attachment #4: trace (application/zip) ─────────────────────────────────────────────────────────
    test-results/explorers-Atlas-analytical-8b2ed-s-without-ranking-scenarios-firefox/trace.zip
    Usage:

        pnpm exec playwright show-trace test-results/explorers-Atlas-analytical-8b2ed-s-without-ranking-scenarios-firefox/trace.zip

    ────────────────────────────────────────────────────────────────────────────────────────────────

  6) [firefox] › apps/web/e2e/explorers.spec.ts:153:7 › Atlas analytical controls › keeps chronology, downloads, museum rights, and record detail evidence distinct 

    Test was interrupted.

    Error: apiRequestContext.get: Target page, context or browser has been closed

      164 |     await expect(museum).toContainText('CC BY 4.0 · linked exhibit');
      165 |
    > 166 |     const json = await request.get('/atlas/data?format=json');
          |                                ^
      167 |     expect(json.ok()).toBeTruthy();
      168 |     expect(json.headers()['content-disposition']).toContain('janus-observatory-1.0.0.json');
      169 |     expect(json.headers()['x-janus-data-version']).toMatch(/^sha256:/);
        at /Users/ceron/Developer/Projects/janus-observatory/apps/web/e2e/explorers.spec.ts:166:32

    attachment #1: screenshot (image/png) ──────────────────────────────────────────────────────────
    test-results/explorers-Atlas-analytical-96785-rd-detail-evidence-distinct-firefox/test-failed-1.png
    ────────────────────────────────────────────────────────────────────────────────────────────────

    attachment #2: video (video/webm) ──────────────────────────────────────────────────────────────
    test-results/explorers-Atlas-analytical-96785-rd-detail-evidence-distinct-firefox/video.webm
    ────────────────────────────────────────────────────────────────────────────────────────────────

    Error Context: test-results/explorers-Atlas-analytical-96785-rd-detail-evidence-distinct-firefox/error-context.md

    attachment #4: trace (application/zip) ─────────────────────────────────────────────────────────
    test-results/explorers-Atlas-analytical-96785-rd-detail-evidence-distinct-firefox/trace.zip
    Usage:

        pnpm exec playwright show-trace test-results/explorers-Atlas-analytical-96785-rd-detail-evidence-distinct-firefox/trace.zip

    ────────────────────────────────────────────────────────────────────────────────────────────────

  4 failed
    [chromium] › apps/web/e2e/accessibility.spec.ts:52:5 › / guided mode has no automatically detectable WCAG A/AA violations 
    [chromium] › apps/web/e2e/accessibility.spec.ts:62:5 › / reading mode is entered and axe-scanned as the complete article 
    [firefox] › apps/web/e2e/accessibility.spec.ts:52:5 › / guided mode has no automatically detectable WCAG A/AA violations 
    [firefox] › apps/web/e2e/accessibility.spec.ts:62:5 › / reading mode is entered and axe-scanned as the complete article 
  2 interrupted
    [firefox] › apps/web/e2e/explorers.spec.ts:114:7 › Atlas analytical controls › switches among sourced analytical dimensions without ranking scenarios 
    [firefox] › apps/web/e2e/explorers.spec.ts:153:7 › Atlas analytical controls › keeps chronology, downloads, museum rights, and record detail evidence distinct 
  1 skipped
  114 did not run
  49 passed (52.0s)
 ELIFECYCLE  Command failed with exit code 130.
